,Word,Frequency
0,"('айва', 'синий')","(1, 1)"
1,"('святой', 'свой')","(1, 1)"
2,"('пусть', 'говорить')","(1, 1)"
3,"('пусть', 'день')","(1, 1)"
4,"('пусть', 'исчезать')","(1, 1)"
5,"('пусть', 'тронуть')","(1, 1)"
6,"('пусть', 'ты')","(1, 1)"
7,"('путь', 'находить')","(1, 1)"
8,"('путь', 'пускаться')","(1, 1)"
9,"('пчелиный', 'рой')","(1, 1)"
10,"('пылать', 'тополь')","(1, 1)"
11,"('пыль', 'глаз')","(1, 1)"
12,"('пыль', 'звать')","(1, 1)"
13,"('пятно', 'кровь')","(1, 1)"
14,"('р', 'ф')","(1, 1)"
15,"('рабствовать', 'пред')","(1, 1)"
16,"('равнина', 'лес')","(1, 1)"
17,"('пусть', 'время')","(1, 1)"
18,"('пусть', 'быть')","(1, 1)"
19,"('пустыня', 'небо')","(1, 1)"
20,"('проходить', 'двадцать')","(1, 1)"
21,"('простой', 'слово')","(1, 1)"
22,"('протягивать', 'рука')","(1, 1)"
23,"('профиль', 'тамара')","(1, 1)"
24,"('проходить', 'век')","(1, 1)"
25,"('проходить', 'время')","(1, 1)"
26,"('проходить', 'год')","(1, 1)"
27,"('прохожий', 'дразнить')","(1, 1)"
28,"('пустота', 'стена')","(1, 1)"
29,"('прочитывать', 'стих')","(1, 1)"
30,"('прощать', 'прощать')","(1, 1)"
31,"('прямо', 'колумб')","(1, 1)"
32,"('публикация', 'журнал')","(1, 1)"
33,"('пустой', 'камень')","(1, 1)"
34,"('пустота', 'поле')","(1, 1)"
35,"('радость', 'горе')","(1, 1)"
36,"('радость', 'становиться')","(1, 1)"
37,"('радужный', 'игра')","(1, 1)"
38,"('река', 'знать')","(1, 1)"
39,"('ребенок', 'один')","(1, 1)"
40,"('ребенок', 'пусть')","(1, 1)"
41,"('ребенок', 'расти')","(1, 1)"
42,"('ребята', 'черный')","(1, 1)"
43,"('река', 'век')","(1, 1)"
44,"('река', 'дно')","(1, 1)"
45,"('река', 'кровь')","(1, 1)"
46,"('ребенок', 'внук')","(1, 1)"
47,"('река', 'ледяной')","(1, 1)"
48,"('река', 'нестись')","(1, 1)"
49,"('река', 'новый')","(1, 1)"
50,"('река', 'свет')","(1, 1)"
51,"('река', 'стоять')","(1, 1)"
52,"('речь', 'дышать')","(1, 1)"
53,"('ребенок', 'костер')","(1, 1)"
54,"('ребенок', 'видеть')","(1, 1)"
55,"('развалины', 'дворец')","(1, 1)"
56,"('рай', 'петь')","(1, 1)"
57,"('развертываться', 'ковер')","(1, 1)"
58,"('разный', 'невольно')","(1, 1)"
59,"('разрушать', 'дом')","(1, 1)"
60,"('разрушение', 'мечтание')","(1, 1)"
61,"('разум', 'это')","(1, 1)"
62,"('рай', 'земной')","(1, 1)"
63,"('райский', 'сад')","(1, 1)"
64,"('рвать', 'клок')","(1, 1)"
65,"('рана', 'душа')","(1, 1)"
66,"('рана', 'жить')","(1, 1)"
67,"('рана', 'излечивать')","(1, 1)"
68,"('рассвет', 'переправа')","(1, 1)"
69,"('рассвет', 'уснуть')","(1, 1)"
70,"('расти', 'сынок')","(1, 1)"
71,"('просто', 'белый')","(1, 1)"
72,"('простереться', 'рука')","(1, 1)"
73,"('простереть', 'рука')","(1, 1)"
74,"('последний', 'клен')","(1, 1)"
75,"('попадать', 'сюда')","(1, 1)"
76,"('пора', 'все')","(1, 1)"
77,"('пора', 'укрываться')","(1, 1)"
78,"('поражение', 'победа')","(1, 1)"
79,"('порыв', 'страсть')","(1, 1)"
80,"('последний', 'глоток')","(1, 1)"
81,"('последний', 'сила')","(1, 1)"
82,"('понимать', 'твой')","(1, 1)"
83,"('последний', 'слово')","(1, 1)"
84,"('последний', 'успевать')","(1, 1)"
85,"('поутру', 'становиться')","(1, 1)"
86,"('поэт', 'восточный')","(1, 1)"
87,"('поэт', 'преступный')","(1, 1)"
88,"('поэт', 'прославлять')","(1, 1)"
89,"('понимать', 'это')","(1, 1)"
90,"('понимать', 'обнимать')","(1, 1)"
91,"('поэтому', 'мы')","(1, 1)"
92,"('помнить', 'гора')","(1, 1)"
93,"('положено', 'армянин')","(1, 1)"
94,"('полоса', 'яблоко')","(1, 1)"
95,"('полотно', 'сарьяновский')","(1, 1)"
96,"('полюбить', 'голова')","(1, 1)"
97,"('померкнуть', 'свобода')","(1, 1)"
98,"('помнить', 'блокадный')","(1, 1)"
99,"('помнить', 'лето')","(1, 1)"
100,"('понимать', 'мир')","(1, 1)"
101,"('помнить', 'мой')","(1, 1)"
102,"('помнить', 'ночь')","(1, 1)"
103,"('помнить', 'помнить')","(1, 1)"
104,"('помчаться', 'бой')","(1, 1)"
105,"('поникать', 'голова')","(1, 1)"
106,"('понимать', 'весь')","(1, 1)"
107,"('поэт', 'российский')","(1, 1)"
108,"('прадед', 'саак')","(1, 1)"
109,"('промчаться', 'год')","(1, 1)"
110,"('приподымать', 'бровь')","(1, 1)"
111,"('привозить', 'ты')","(1, 1)"
112,"('привыкать', 'жить')","(1, 1)"
113,"('придумывать', 'ты')","(1, 1)"
114,"('прийти', 'средь')","(1, 1)"
115,"('приносить', 'молчать')","(1, 1)"
116,"('припадать', 'грудь')","(1, 1)"
117,"('присылать', 'сюда')","(1, 1)"
118,"('привет', 'ты')","(1, 1)"
119,"('приходить', 'весна')","(1, 1)"
120,"('приходить', 'мир')","(1, 1)"
121,"('пробовать', 'палец')","(1, 1)"
122,"('пробуждаться', 'грозный')","(1, 1)"
123,"('проживать', 'день')","(1, 1)"
124,"('пролагать', 'путь')","(1, 1)"
125,"('привидеться', 'мы')","(1, 1)"
126,"('прибавлять', 'сила')","(1, 1)"
127,"('праздник', 'весна')","(1, 1)"
128,"('пред', 'смерть')","(1, 1)"
129,"('пред', 'господь')","(1, 1)"
130,"('пред', 'древность')","(1, 1)"
131,"('пред', 'дрожать')","(1, 1)"
132,"('пред', 'мы')","(1, 1)"
133,"('пред', 'она')","(1, 1)"
134,"('пред', 'себя')","(1, 1)"
135,"('пред', 'тот')","(1, 1)"
136,"('преступный', 'народ')","(1, 1)"
137,"('пред', 'ты')","(1, 1)"
138,"('предавать', 'второй')","(1, 1)"
139,"('предавать', 'друг')","(1, 1)"
140,"('предо', 'я')","(1, 1)"
141,"('прежний', 'год')","(1, 1)"
142,"('прекрасный', 'каждый')","(1, 1)"
143,"('ривкатовна', 'газизов')","(1, 1)"
144,"('рим', 'свобода')","(1, 1)"
145,"('род', 'людской')","(1, 1)"
146,"('светлый', 'час')","(1, 1)"
147,"('свет', 'целительный')","(1, 1)"
148,"('светить', 'отрадный')","(1, 1)"
149,"('светло', 'тот')","(1, 1)"
150,"('светлый', 'день')","(1, 1)"
151,"('светлый', 'мысль')","(1, 1)"
152,"('светлый', 'праздник')","(1, 1)"
153,"('свеча', 'гореть')","(1, 1)"
154,"('свет', 'тьма')","(1, 1)"
155,"('свеча', 'загораться')","(1, 1)"
156,"('свидетель', 'ужас')","(1, 1)"
157,"('свобода', 'армения')","(1, 1)"
158,"('свобода', 'родина')","(1, 1)"
159,"('свобода', 'слава')","(1, 1)"
160,"('свобода', 'среди')","(1, 1)"
161,"('свет', 'узнавать')","(1, 1)"
162,"('свет', 'ты')","(1, 1)"
163,"('сводить', 'ум')","(1, 1)"
164,"('свет', 'луч')","(1, 1)"
165,"('сверкать', 'ярко')","(1, 1)"
166,"('свертывать', 'румб')","(1, 1)"
167,"('свет', 'дальний')","(1, 1)"
168,"('свет', 'другой')","(1, 1)"
169,"('свет', 'душа')","(1, 1)"
170,"('свет', 'забывать')","(1, 1)"
171,"('свет', 'любовь')","(1, 1)"
172,"('свет', 'томиться')","(1, 1)"
173,"('свет', 'надежда')","(1, 1)"
174,"('свет', 'ныне')","(1, 1)"
175,"('свет', 'облако')","(1, 1)"
176,"('свет', 'свет')","(1, 1)"
177,"('свет', 'тень')","(1, 1)"
178,"('свет', 'тихо')","(1, 1)"
179,"('сводить', 'глаз')","(1, 1)"
180,"('свой', 'бедный')","(1, 1)"
181,"('сверкать', 'красота')","(1, 1)"
182,"('свой', 'сила')","(1, 1)"
183,"('свой', 'рука')","(1, 1)"
184,"('свой', 'сад')","(1, 1)"
185,"('свой', 'свершать')","(1, 1)"
186,"('свой', 'свеча')","(1, 1)"
187,"('свой', 'свобода')","(1, 1)"
188,"('свой', 'сердце')","(1, 1)"
189,"('свой', 'сказать')","(1, 1)"
190,"('свой', 'потомство')","(1, 1)"
191,"('свой', 'скрывать')","(1, 1)"
192,"('свой', 'творение')","(1, 1)"
193,"('свой', 'чужой')","(1, 1)"
194,"('свой', 'эйнштейн')","(1, 1)"
195,"('святой', 'вода')","(1, 1)"
196,"('святой', 'гора')","(1, 1)"
197,"('свой', 'пространство')","(1, 1)"
198,"('свой', 'помнить')","(1, 1)"
199,"('свой', 'владыка')","(1, 1)"
200,"('свой', 'клад')","(1, 1)"
201,"('свой', 'грех')","(1, 1)"
202,"('свой', 'дело')","(1, 1)"
203,"('свой', 'друг')","(1, 1)"
204,"('свой', 'душа')","(1, 1)"
205,"('свой', 'дыхание')","(1, 1)"
206,"('свой', 'жаркий')","(1, 1)"
207,"('свой', 'кровь')","(1, 1)"
208,"('свой', 'повсюду')","(1, 1)"
209,"('свой', 'мечта')","(1, 1)"
210,"('свой', 'народ')","(1, 1)"
211,"('свой', 'невеста')","(1, 1)"
212,"('свой', 'одежда')","(1, 1)"
213,"('свой', 'оставлять')","(1, 1)"
214,"('свой', 'поведывать')","(1, 1)"
215,"('сверкать', 'словно')","(1, 1)"
216,"('сатана', 'турция')","(1, 1)"
217,"('род', 'народ')","(1, 1)"
218,"('рубин', 'отливать')","(1, 1)"
219,"('рождаться', 'мочь')","(1, 1)"
220,"('роза', 'персик')","(1, 1)"
221,"('роза', 'цвести')","(1, 1)"
222,"('роман', 'вадимович')","(1, 1)"
223,"('роса', 'привидеться')","(1, 1)"
224,"('роща', 'сонный')","(1, 1)"
225,"('рубиновый', 'заря')","(1, 1)"
226,"('рожать', 'яркий')","(1, 1)"
227,"('рука', 'держать')","(1, 1)"
228,"('рука', 'камень')","(1, 1)"
229,"('рука', 'меч')","(1, 1)"
230,"('рука', 'мой')","(1, 1)"
231,"('рука', 'опускать')","(1, 1)"
232,"('рука', 'пожимать')","(1, 1)"
233,"('рождаться', 'восток')","(1, 1)"
234,"('рожать', 'мука')","(1, 1)"
235,"('рука', 'ребенок')","(1, 1)"
236,"('родной', 'близкий')","(1, 1)"
237,"('родимый', 'земля')","(1, 1)"
238,"('родимый', 'край')","(1, 1)"
239,"('родина', 'мой')","(1, 1)"
240,"('родина', 'наш')","(1, 1)"
241,"('родина', 'свой')","(1, 1)"
242,"('родник', 'выситься')","(1, 1)"
243,"('родной', 'даль')","(1, 1)"
244,"('родной', 'страна')","(1, 1)"
245,"('родной', 'долина')","(1, 1)"
246,"('родной', 'земля')","(1, 1)"
247,"('родной', 'край')","(1, 1)"
248,"('родной', 'кровь')","(1, 1)"
249,"('родной', 'место')","(1, 1)"
250,"('родной', 'сторона')","(1, 1)"
251,"('рука', 'пусть')","(1, 1)"
252,"('рука', 'рука')","(1, 1)"
253,"('сарьяновский', 'краска')","(1, 1)"
254,"('сам', 'закат')","(1, 1)"
255,"('саак', 'улыбаться')","(1, 1)"
256,"('сад', 'берег')","(1, 1)"
257,"('сад', 'листва')","(1, 1)"
258,"('сад', 'осенний')","(1, 1)"
259,"('сад', 'цвести')","(1, 1)"
260,"('садиться', 'огонь')","(1, 1)"
261,"('сам', 'себя')","(1, 1)"
262,"('саак', 'отец')","(1, 1)"
263,"('сам', 'слушать')","(1, 1)"
264,"('сам', 'строить')","(1, 1)"
265,"('самуилович', 'черешня')","(1, 1)"
266,"('самый', 'дело')","(1, 1)"
267,"('самый', 'небо')","(1, 1)"
268,"('самый', 'страшный')","(1, 1)"
269,"('саак', 'стоять')","(1, 1)"
270,"('саак', 'который')","(1, 1)"
271,"('рука', 'свой')","(1, 1)"
272,"('русло', 'молчать')","(1, 1)"
273,"('рука', 'сердце')","(1, 1)"
274,"('рука', 'синица')","(1, 1)"
275,"('рука', 'тепло')","(1, 1)"
276,"('рука', 'туда')","(1, 1)"
277,"('румб', 'изумруд')","(1, 1)"
278,"('руно', 'неподкупный')","(1, 1)"
279,"('русский', 'воин')","(1, 1)"
280,"('саак', 'иосиф')","(1, 1)"
281,"('русский', 'язык')","(1, 1)"
282,"('рушиться', 'безоглядный')","(1, 1)"
283,"('рыдать', 'она')","(1, 1)"
284,"('рыжий', 'глина')","(1, 1)"
285,"('ряд', 'улочка')","(1, 1)"
286,"('рядовой', 'иосиф')","(1, 1)"
287,"('полный', 'сокровище')","(1, 1)"
288,"('полный', 'любовь')","(1, 1)"
289,"('полный', 'луна')","(1, 1)"
290,"('обо', 'все')","(1, 1)"
291,"('обвивать', 'плющ')","(1, 1)"
292,"('обещание', 'звук')","(1, 1)"
293,"('облако', 'плыть')","(1, 1)"
294,"('обломок', 'стена')","(1, 1)"
295,"('обнимать', 'любовь')","(1, 1)"
296,"('обнимать', 'твой')","(1, 1)"
297,"('оборваться', 'нить')","(1, 1)"
298,"('ночь', 'уходить')","(1, 1)"
299,"('оборона', 'справа')","(1, 1)"
300,"('образ', 'любить')","(1, 1)"
301,"('образ', 'милый')","(1, 1)"
302,"('образ', 'твой')","(1, 1)"
303,"('обрызгивать', 'роса')","(1, 1)"
304,"('обряд', 'замечать')","(1, 1)"
305,"('нужный', 'человек')","(1, 1)"
306,"('ночь', 'темный')","(1, 1)"
307,"('ованес', 'туманян')","(1, 1)"
308,"('ночь', 'бежать')","(1, 1)"
309,"('новый', 'свет')","(1, 1)"
310,"('новый', 'сила')","(1, 1)"
311,"('новый', 'счастливый')","(1, 1)"
312,"('новый', 'тетрадь')","(1, 1)"
313,"('нога', 'стремя')","(1, 1)"
314,"('носить', 'ребенок')","(1, 1)"
315,"('ночь', 'встречать')","(1, 1)"
316,"('ночь', 'спать')","(1, 1)"
317,"('ночь', 'длинный')","(1, 1)"
318,"('ночь', 'звенеть')","(1, 1)"
319,"('ночь', 'идти')","(1, 1)"
320,"('ночь', 'луна')","(1, 1)"
321,"('ночь', 'напролет')","(1, 1)"
322,"('ночь', 'приходить')","(1, 1)"
323,"('объятие', 'целовать')","(1, 1)"
324,"('огневой', 'бархатный')","(1, 1)"
325,"('новый', 'мир')","(1, 1)"
326,"('околдовывать', 'сердце')","(1, 1)"
327,"('оживать', 'камень')","(1, 1)"
328,"('озеро', 'волна')","(1, 1)"
329,"('окно', 'дверь')","(1, 1)"
330,"('окно', 'смотреть')","(1, 1)"
331,"('око', 'быстрый')","(1, 1)"
332,"('оковы', 'лед')","(1, 1)"
333,"('олеговна', 'ватутин')","(1, 1)"
334,"('однажды', 'видеть')","(1, 1)"
335,"('она', 'боже')","(1, 1)"
336,"('они', 'они')","(1, 1)"
337,"('оно', 'входить')","(1, 1)"
338,"('опаливать', 'огонь')","(1, 1)"
339,"('описывать', 'день')","(1, 1)"
340,"('опустеть', 'дом')","(1, 1)"
341,"('однажды', 'прийти')","(1, 1)"
342,"('однажды', 'вернуться')","(1, 1)"
343,"('огонь', 'дым')","(1, 1)"
344,"('огромный', 'корзина')","(1, 1)"
345,"('огонь', 'кровь')","(1, 1)"
346,"('огонь', 'наш')","(1, 1)"
347,"('огонь', 'сон')","(1, 1)"
348,"('огонь', 'шоссе')","(1, 1)"
349,"('огонь', 'это')","(1, 1)"
350,"('огород', 'старый')","(1, 1)"
351,"('один', 'все')","(1, 1)"
352,"('один', 'фонтан')","(1, 1)"
353,"('один', 'заветный')","(1, 1)"
354,"('один', 'один')","(1, 1)"
355,"('один', 'поэт')","(1, 1)"
356,"('один', 'пробуждаться')","(1, 1)"
357,"('один', 'сторона')","(1, 1)"
358,"('один', 'тот')","(1, 1)"
359,"('новый', 'мода')","(1, 1)"
360,"('новый', 'журнал')","(1, 1)"
361,"('осенний', 'день')","(1, 1)"
362,"('небо', 'земля')","(1, 1)"
363,"('наш', 'общий')","(1, 1)"
364,"('наш', 'родной')","(1, 1)"
365,"('небо', 'бог')","(1, 1)"
366,"('небо', 'взглядывать')","(1, 1)"
367,"('небо', 'звезда')","(1, 1)"
368,"('небо', 'звездный')","(1, 1)"
369,"('небо', 'край')","(1, 1)"
370,"('наш', 'мир')","(1, 1)"
371,"('небо', 'небо')","(1, 1)"
372,"('небо', 'облако')","(1, 1)"
373,"('небо', 'отчего')","(1, 1)"
374,"('небо', 'простор')","(1, 1)"
375,"('небо', 'рваться')","(1, 1)"
376,"('небо', 'рука')","(1, 1)"
377,"('наш', 'народ')","(1, 1)"
378,"('наш', 'любовь')","(1, 1)"
379,"('небо', 'синий')","(1, 1)"
380,"('наш', 'гора')","(1, 1)"
381,"('наш', 'бедный')","(1, 1)"
382,"('наш', 'братство')","(1, 1)"
383,"('наш', 'век')","(1, 1)"
384,"('наш', 'время')","(1, 1)"
385,"('наш', 'встреча')","(1, 1)"
386,"('наш', 'глаз')","(1, 1)"
387,"('наш', 'губа')","(1, 1)"
388,"('наш', 'край')","(1, 1)"
389,"('наш', 'день')","(1, 1)"
390,"('наш', 'дом')","(1, 1)"
391,"('наш', 'дружба')","(1, 1)"
392,"('наш', 'жена')","(1, 1)"
393,"('наш', 'жизнь')","(1, 1)"
394,"('наш', 'земля')","(1, 1)"
395,"('небо', 'сверкающий')","(1, 1)"
396,"('небо', 'сокол')","(1, 1)"
397,"('новый', 'жизнь')","(1, 1)"
398,"('никак', 'мочь')","(1, 1)"
399,"('немой', 'жить')","(1, 1)"
400,"('немой', 'земля')","(1, 1)"
401,"('неподкупный', 'бровь')","(1, 1)"
402,"('нести', 'вершина')","(1, 1)"
403,"('неуклюжий', 'выделяться')","(1, 1)"
404,"('нигде', 'имам')","(1, 1)"
405,"('никак', 'северный')","(1, 1)"
406,"('нелюбимый', 'священник')","(1, 1)"
407,"('никто', 'блеклый')","(1, 1)"
408,"('нина', 'михайловна')","(1, 1)"
409,"('новый', 'век')","(1, 1)"
410,"('новый', 'время')","(1, 1)"
411,"('новый', 'год')","(1, 1)"
412,"('новый', 'день')","(1, 1)"
413,"('немало', 'год')","(1, 1)"
414,"('неложный', 'зерцало')","(1, 1)"
415,"('небо', 'темнеть')","(1, 1)"
416,"('неделя', 'начало')","(1, 1)"
417,"('небо', 'ты')","(1, 1)"
418,"('небо', 'тянуться')","(1, 1)"
419,"('небо', 'черный')","(1, 1)"
420,"('небосклон', 'армения')","(1, 1)"
421,"('неведомый', 'новый')","(1, 1)"
422,"('невольно', 'возбуждать')","(1, 1)"
423,"('недобрый', 'терпеливый')","(1, 1)"
424,"('незнакомый', 'обряд')","(1, 1)"
425,"('недовольный', 'вместо')","(1, 1)"
426,"('нежный', 'аромат')","(1, 1)"
427,"('нежный', 'взор')","(1, 1)"
428,"('нежный', 'друг')","(1, 1)"
429,"('нежный', 'звук')","(1, 1)"
430,"('нежный', 'профиль')","(1, 1)"
431,"('орел', 'владимир')","(1, 1)"
432,"('основательный', 'уходить')","(1, 1)"
433,"('полка', 'возводить')","(1, 1)"
434,"('плоть', 'твой')","(1, 1)"
435,"('планета', 'земля')","(1, 1)"
436,"('платье', 'мы')","(1, 1)"
437,"('пленять', 'любовь')","(1, 1)"
438,"('плескать', 'волна')","(1, 1)"
439,"('плечо', 'ложиться')","(1, 1)"
440,"('плод', 'стол')","(1, 1)"
441,"('плоцкий', 'рядовой')","(1, 1)"
442,"('плакать', 'готовый')","(1, 1)"
443,"('плыть', 'москва')","(1, 1)"
444,"('плыть', 'сквозь')","(1, 1)"
445,"('плющ', 'снимать')","(1, 1)"
446,"('плясать', 'женщина')","(1, 1)"
447,"('пляска', 'медь')","(1, 1)"
448,"('победа', 'гайк')","(1, 1)"
449,"('плакать', 'мой')","(1, 1)"
450,"('плакать', 'алмаз')","(1, 1)"
451,"('поведывать', 'хотеть')","(1, 1)"
452,"('петь', 'песня')","(1, 1)"
453,"('песня', 'слово')","(1, 1)"
454,"('песня', 'становиться')","(1, 1)"
455,"('песок', 'пустыня')","(1, 1)"
456,"('петр', 'викторович')","(1, 1)"
457,"('петь', 'горестный')","(1, 1)"
458,"('петь', 'мужество')","(1, 1)"
459,"('петь', 'радость')","(1, 1)"
460,"('письмо', 'письмо')","(1, 1)"
461,"('петь', 'хвала')","(1, 1)"
462,"('печаль', 'петь')","(1, 1)"
463,"('печаль', 'слезать')","(1, 1)"
464,"('писать', 'читать')","(1, 1)"
465,"('письмо', 'идти')","(1, 1)"
466,"('письмо', 'отправлять')","(1, 1)"
467,"('победный', 'сверкать')","(1, 1)"
468,"('погасать', 'смертельный')","(1, 1)"
469,"('песня', 'петь')","(1, 1)"
470,"('покой', 'лишь')","(1, 1)"
471,"('пойти', 'собирать')","(1, 1)"
472,"('пойти', 'сражаться')","(1, 1)"
473,"('пойти', 'ты')","(1, 1)"
474,"('пока', 'мертвый')","(1, 1)"
475,"('показывать', 'свой')","(1, 1)"
476,"('покой', 'жизнь')","(1, 1)"
477,"('покой', 'отчизна')","(1, 1)"
478,"('пойти', 'пойти')","(1, 1)"
479,"('покой', 'пусть')","(1, 1)"
480,"('поле', 'бой')","(1, 1)"
481,"('поле', 'ветер')","(1, 1)"
482,"('поле', 'лес')","(1, 1)"
483,"('поле', 'свой')","(1, 1)"
484,"('полк', 'подошва')","(1, 1)"
485,"('пойти', 'свой')","(1, 1)"
486,"('пойти', 'искать')","(1, 1)"
487,"('погибель', 'померкнуть')","(1, 1)"
488,"('подо', 'я')","(1, 1)"
489,"('погребать', 'поле')","(1, 1)"
490,"('подвиг', 'свой')","(1, 1)"
491,"('подвиг', 'труд')","(1, 1)"
492,"('подернуть', 'земля')","(1, 1)"
493,"('подлинный', 'образ')","(1, 1)"
494,"('подниматься', 'гора')","(1, 1)"
495,"('подошва', 'арарат')","(1, 1)"
496,"('пойти', 'дождь')","(1, 1)"
497,"('подруга', 'свой')","(1, 1)"
498,"('подымать', 'дно')","(1, 1)"
499,"('подымать', 'ружье')","(1, 1)"
500,"('пожар', 'пылать')","(1, 1)"
501,"('поздний', 'час')","(1, 1)"
502,"('позорный', 'сон')","(1, 1)"
503,"('песня', 'плыть')","(1, 1)"
504,"('песня', 'песня')","(1, 1)"
505,"('оставаться', 'жизнь')","(1, 1)"
506,"('оттенок', 'чайный')","(1, 1)"
507,"('открывать', 'дверь')","(1, 1)"
508,"('открывать', 'земля')","(1, 1)"
509,"('отливать', 'губа')","(1, 1)"
510,"('относительно', 'улыбаться')","(1, 1)"
511,"('отправлять', 'вчера')","(1, 1)"
512,"('отрадный', 'звезда')","(1, 1)"
513,"('отчизна', 'свой')","(1, 1)"
514,"('отзвук', 'мука')","(1, 1)"
515,"('отчий', 'дом')","(1, 1)"
516,"('охапка', 'лимонный')","(1, 1)"
517,"('очень', 'благодарный')","(1, 1)"
518,"('очень', 'красивый')","(1, 1)"
519,"('п', 'г')","(1, 1)"
520,"('п', 'зуб')","(1, 1)"
521,"('открывать', 'глаз')","(1, 1)"
522,"('отец', 'сын')","(1, 1)"
523,"('п', 'полонский')","(1, 1)"
524,"('ответ', 'ждать')","(1, 1)"
525,"('оставаться', 'лишь')","(1, 1)"
526,"('оставаться', 'навек')","(1, 1)"
527,"('оставлять', 'город')","(1, 1)"
528,"('оставлять', 'оставлять')","(1, 1)"
529,"('оставлять', 'свой')","(1, 1)"
530,"('острый', 'нож')","(1, 1)"
531,"('ответ', 'жизнь')","(1, 1)"
532,"('отец', 'стена')","(1, 1)"
533,"('ответ', 'лишь')","(1, 1)"
534,"('ответ', 'приносить')","(1, 1)"
535,"('ответ', 'тишина')","(1, 1)"
536,"('отвечать', 'молчание')","(1, 1)"
537,"('отворять', 'армения')","(1, 1)"
538,"('отец', 'проходить')","(1, 1)"
539,"('п', 'п')","(1, 1)"
540,"('падать', 'земля')","(1, 1)"
541,"('песня', 'мой')","(1, 1)"
542,"('переставать', 'вдохновлять')","(1, 1)"
543,"('первый', 'шаг')","(1, 1)"
544,"('передо', 'я')","(1, 1)"
545,"('переживать', 'свой')","(1, 1)"
546,"('перекличка', 'положено')","(1, 1)"
547,"('перенести', 'отвечать')","(1, 1)"
548,"('переправа', 'днепр')","(1, 1)"
549,"('перец', 'огневой')","(1, 1)"
550,"('первый', 'срываться')","(1, 1)"
551,"('перс', 'сражение')","(1, 1)"
552,"('персик', 'чудо')","(1, 1)"
553,"('песня', 'грустный')","(1, 1)"
554,"('песня', 'забывать')","(1, 1)"
555,"('песня', 'земля')","(1, 1)"
556,"('песня', 'мать')","(1, 1)"
557,"('первый', 'твой')","(1, 1)"
558,"('первый', 'смущаться')","(1, 1)"
559,"('падать', 'падать')","(1, 1)"
560,"('парить', 'облако')","(1, 1)"
561,"('падать', 'снег')","(1, 1)"
562,"('палентэкен', 'скала')","(1, 1)"
563,"('палец', 'смычок')","(1, 1)"
564,"('память', 'долго')","(1, 1)"
565,"('память', 'земля')","(1, 1)"
566,"('папа', 'говорить')","(1, 1)"
567,"('парус', 'парус')","(1, 1)"
568,"('первый', 'публикация')","(1, 1)"
569,"('пасть', 'бой')","(1, 1)"
570,"('пасть', 'война')","(1, 1)"
571,"('пейзаж', 'чужеродность')","(1, 1)"
572,"('пепел', 'зола')","(1, 1)"
573,"('первый', 'любовь')","(1, 1)"
574,"('первый', 'прямо')","(1, 1)"
575,"('святой', 'жить')","(1, 1)"
576,"('священник', 'наряд')","(1, 1)"
577,"('александр', 'рюссы')","(1, 1)"
578,"('себя', 'лишь')","(1, 1)"
579,"('ты', 'привет')","(1, 1)"
580,"('ты', 'рука')","(1, 1)"
581,"('ты', 'свой')","(1, 1)"
582,"('ты', 'сердце')","(1, 1)"
583,"('ты', 'сказать')","(1, 1)"
584,"('ты', 'ты')","(1, 1)"
585,"('ты', 'чужой')","(1, 1)"
586,"('тысяча', 'год')","(1, 1)"
587,"('тысяча', 'тысяча')","(1, 1)"
588,"('тысяча', 'человек')","(1, 1)"
589,"('тыща', 'год')","(1, 1)"
590,"('тьма', 'тьма')","(1, 1)"
591,"('тяжелый', 'меч')","(1, 1)"
592,"('тяжелый', 'стих')","(1, 1)"
593,"('тяжко', 'страдать')","(1, 1)"
594,"('ты', 'первый')","(1, 1)"
595,"('ты', 'открывать')","(1, 1)"
596,"('ты', 'один')","(1, 1)"
597,"('туман', 'восходить')","(1, 1)"
598,"('трепет', 'милый')","(1, 1)"
599,"('трепет', 'стоять')","(1, 1)"
600,"('тринадцать', 'год')","(1, 1)"
601,"('тропа', 'освещать')","(1, 1)"
602,"('труд', 'свой')","(1, 1)"
603,"('трудность', 'наука')","(1, 1)"
604,"('турция', 'армянин')","(1, 1)"
605,"('ты', 'нежный')","(1, 1)"
606,"('турция', 'спасать')","(1, 1)"
607,"('ты', 'армения')","(1, 1)"
608,"('ты', 'весь')","(1, 1)"
609,"('ты', 'господь')","(1, 1)"
610,"('ты', 'жить')","(1, 1)"
611,"('ты', 'идти')","(1, 1)"
612,"('тянуться', 'виноград')","(1, 1)"
613,"('убивать', 'лишь')","(1, 1)"
614,"('убивать', 'рассвет')","(1, 1)"
615,"('ускользать', 'лик')","(1, 1)"
616,"('умирать', 'вместе')","(1, 1)"
617,"('умирать', 'готовый')","(1, 1)"
618,"('умножи', 'воскрешать')","(1, 1)"
619,"('умолкать', 'жутко')","(1, 1)"
620,"('уплывать', 'даль')","(1, 1)"
621,"('упоить', 'знать')","(1, 1)"
622,"('услада', 'первый')","(1, 1)"
623,"('ум', 'сердце')","(1, 1)"
624,"('услышать', 'твой')","(1, 1)"
625,"('услышать', 'ты')","(1, 1)"
626,"('успевать', 'запоминаться')","(1, 1)"
627,"('уста', 'бояться')","(1, 1)"
628,"('уста', 'сказать')","(1, 1)"
629,"('уста', 'странно')","(1, 1)"
630,"('ум', 'сходить')","(1, 1)"
631,"('улыбаться', 'человек')","(1, 1)"
632,"('уважение', 'страх')","(1, 1)"
633,"('узнавать', 'глушь')","(1, 1)"
634,"('увидеть', 'мочь')","(1, 1)"
635,"('угнетение', 'сынок')","(1, 1)"
636,"('уголек', 'сам')","(1, 1)"
637,"('ударять', 'небо')","(1, 1)"
638,"('ужас', 'живой')","(1, 1)"
639,"('узнавать', 'армения')","(1, 1)"
640,"('узнавать', 'земля')","(1, 1)"
641,"('улыбаться', 'ответ')","(1, 1)"
642,"('узнавать', 'понимать')","(1, 1)"
643,"('укреплять', 'стена')","(1, 1)"
644,"('улица', 'имя')","(1, 1)"
645,"('улица', 'ночной')","(1, 1)"
646,"('улица', 'полный')","(1, 1)"
647,"('улочка', 'базарный')","(1, 1)"
648,"('тревога', 'вставать')","(1, 1)"
649,"('тратить', 'минута')","(1, 1)"
650,"('точно', 'свой')","(1, 1)"
651,"('твой', 'старый')","(1, 1)"
652,"('твой', 'путь')","(1, 1)"
653,"('твой', 'рука')","(1, 1)"
654,"('твой', 'сердце')","(1, 1)"
655,"('твой', 'склонять')","(1, 1)"
656,"('твой', 'след')","(1, 1)"
657,"('твой', 'слеза')","(1, 1)"
658,"('твой', 'стих')","(1, 1)"
659,"('твой', 'петух')","(1, 1)"
660,"('твой', 'судьба')","(1, 1)"
661,"('твой', 'твой')","(1, 1)"
662,"('твой', 'целовать')","(1, 1)"
663,"('творец', 'твой')","(1, 1)"
664,"('тело', 'наш')","(1, 1)"
665,"('темный', 'туча')","(1, 1)"
666,"('твой', 'поэт')","(1, 1)"
667,"('твой', 'опустеть')","(1, 1)"
668,"('тень', 'ветвь')","(1, 1)"
669,"('твой', 'икона')","(1, 1)"
670,"('твой', 'гореть')","(1, 1)"
671,"('твой', 'грудь')","(1, 1)"
672,"('твой', 'дар')","(1, 1)"
673,"('твой', 'дитя')","(1, 1)"
674,"('твой', 'душа')","(1, 1)"
675,"('твой', 'жемчуг')","(1, 1)"
676,"('твой', 'колено')","(1, 1)"
677,"('твой', 'обида')","(1, 1)"
678,"('твой', 'конец')","(1, 1)"
679,"('твой', 'купол')","(1, 1)"
680,"('твой', 'лицо')","(1, 1)"
681,"('твой', 'любовь')","(1, 1)"
682,"('твой', 'напев')","(1, 1)"
683,"('твой', 'наслаждаться')","(1, 1)"
684,"('тенистый', 'сад')","(1, 1)"
685,"('тень', 'касаться')","(1, 1)"
686,"('тот', 'человек')","(1, 1)"
687,"('тот', 'ночь')","(1, 1)"
688,"('тот', 'война')","(1, 1)"
689,"('тот', 'год')","(1, 1)"
690,"('тот', 'день')","(1, 1)"
691,"('тот', 'который')","(1, 1)"
692,"('тот', 'кто')","(1, 1)"
693,"('тот', 'мгновение')","(1, 1)"
694,"('тот', 'песнь')","(1, 1)"
695,"('тоска', 'он')","(1, 1)"
696,"('тот', 'песня')","(1, 1)"
697,"('тот', 'пора')","(1, 1)"
698,"('тот', 'старый')","(1, 1)"
699,"('тот', 'страна')","(1, 1)"
700,"('тот', 'тот')","(1, 1)"
701,"('тот', 'церквушка')","(1, 1)"
702,"('тоска', 'узнавать')","(1, 1)"
703,"('тоска', 'небо')","(1, 1)"
704,"('тень', 'облако')","(1, 1)"
705,"('тигран', 'славный')","(1, 1)"
706,"('тень', 'твой')","(1, 1)"
707,"('тепло', 'читать')","(1, 1)"
708,"('терпеливый', 'седой')","(1, 1)"
709,"('терять', 'жизнь')","(1, 1)"
710,"('течение', 'шапка')","(1, 1)"
711,"('течь', 'век')","(1, 1)"
712,"('тихо', 'идти')","(1, 1)"
713,"('тополь', 'кидать')","(1, 1)"
714,"('тихон', 'синицын')","(1, 1)"
715,"('тишина', 'долгий')","(1, 1)"
716,"('тишина', 'самый')","(1, 1)"
717,"('товарищ', 'знать')","(1, 1)"
718,"('томиться', 'далекий')","(1, 1)"
719,"('тополиный', 'пух')","(1, 1)"
720,"('утренний', 'туман')","(1, 1)"
721,"('утро', 'ранний')","(1, 1)"
722,"('утро', 'рано')","(1, 1)"
723,"('э', 'мандельштам')","(1, 1)"
724,"('шоссе', 'канакер')","(1, 1)"
725,"('шуваевапетросян', 'елена')","(1, 1)"
726,"('шум', 'волна')","(1, 1)"
727,"('шум', 'прибой')","(1, 1)"
728,"('шуметь', 'течение')","(1, 1)"
729,"('шуршать', 'огонь')","(1, 1)"
730,"('эйнштейн', 'иосиф')","(1, 1)"
731,"('шептать', 'мы')","(1, 1)"
732,"('эйнштейн', 'пробовать')","(1, 1)"
733,"('эйнштейн', 'слева')","(1, 1)"
734,"('это', 'вовсе')","(1, 1)"
735,"('это', 'возможный')","(1, 1)"
736,"('это', 'дерево')","(1, 1)"
737,"('это', 'древний')","(1, 1)"
738,"('шереметев', 'мм')","(1, 1)"
739,"('шептать', 'лишь')","(1, 1)"
740,"('это', 'знать')","(1, 1)"
741,"('чужой', 'речь')","(1, 1)"
742,"('чувство', 'вина')","(1, 1)"
743,"('чудо', 'присылать')","(1, 1)"
744,"('чудо', 'чудо')","(1, 1)"
745,"('чудовище', 'свертывать')","(1, 1)"
746,"('чужеродность', 'данность')","(1, 1)"
747,"('чужой', 'край')","(1, 1)"
748,"('чужой', 'сторона')","(1, 1)"
749,"('шахвердяный', 'л')","(1, 1)"
750,"('шабат', 'эйнштейн')","(1, 1)"
751,"('шагать', 'мимо')","(1, 1)"
752,"('шагинян', 'м')","(1, 1)"
753,"('шамам', 'сестрица')","(1, 1)"
754,"('шапка', 'белый')","(1, 1)"
755,"('шафрановый', 'загар')","(1, 1)"
756,"('это', 'знак')","(1, 1)"
757,"('это', 'место')","(1, 1)"
758,"('чрево', 'золотой')","(1, 1)"
759,"('я', 'земля')","(1, 1)"
760,"('юность', 'греза')","(1, 1)"
761,"('юность', 'мой')","(1, 1)"
762,"('юный', 'дева')","(1, 1)"
763,"('юный', 'душа')","(1, 1)"
764,"('юрий', 'михайлович')","(1, 1)"
765,"('юрьевич', 'веденяпин')","(1, 1)"
766,"('я', 'случаться')","(1, 1)"
767,"('ю', 'лермонтов')","(1, 1)"
768,"('яблоко', 'закат')","(1, 1)"
769,"('яблоневый', 'сад')","(1, 1)"
770,"('являть', 'лицо')","(1, 1)"
771,"('язык', 'являться')","(1, 1)"
772,"('яковлевич', 'смоляк')","(1, 1)"
773,"('яркий', 'солнце')","(1, 1)"
774,"('юльевна', 'капович')","(1, 1)"
775,"('ю', 'веселовский')","(1, 1)"
776,"('это', 'один')","(1, 1)"
777,"('этот', 'вода')","(1, 1)"
778,"('это', 'правда')","(1, 1)"
779,"('это', 'привыкать')","(1, 1)"
780,"('это', 'просто')","(1, 1)"
781,"('это', 'становиться')","(1, 1)"
782,"('это', 'утро')","(1, 1)"
783,"('этот', 'вечный')","(1, 1)"
784,"('этот', 'время')","(1, 1)"
785,"('эхо', 'долгий')","(1, 1)"
786,"('этот', 'жечь')","(1, 1)"
787,"('этот', 'жизнь')","(1, 1)"
788,"('этот', 'ночь')","(1, 1)"
789,"('этот', 'песнь')","(1, 1)"
790,"('этот', 'пора')","(1, 1)"
791,"('этот', 'смелый')","(1, 1)"
792,"('чтото', 'важно')","(1, 1)"
793,"('читать', 'этот')","(1, 1)"
794,"('уходить', 'вглубь')","(1, 1)"
795,"('хотя', 'б')","(1, 1)"
796,"('хотеть', 'жизнь')","(1, 1)"
797,"('хотеть', 'начинать')","(1, 1)"
798,"('хотеть', 'полюбить')","(1, 1)"
799,"('хотеть', 'рожать')","(1, 1)"
800,"('хотеть', 'сказать')","(1, 1)"
801,"('хотеться', 'жить')","(1, 1)"
802,"('храм', 'грудь')","(1, 1)"
803,"('хороший', 'день')","(1, 1)"
804,"('храм', 'кровь')","(1, 1)"
805,"('храм', 'твой')","(1, 1)"
806,"('храм', 'шагать')","(1, 1)"
807,"('хранить', 'день')","(1, 1)"
808,"('хранить', 'твой')","(1, 1)"
809,"('царь', 'бог')","(1, 1)"
810,"('хотеть', 'вставать')","(1, 1)"
811,"('холод', 'ночь')","(1, 1)"
812,"('цвет', 'вплетать')","(1, 1)"
813,"('ф', 'казаков')","(1, 1)"
814,"('уходить', 'земля')","(1, 1)"
815,"('уходить', 'ночь')","(1, 1)"
816,"('уходить', 'стоять')","(1, 1)"
817,"('уходить', 'туман')","(1, 1)"
818,"('уходить', 'тьма')","(1, 1)"
819,"('уходить', 'умирать')","(1, 1)"
820,"('феликс', 'чечик')","(1, 1)"
821,"('хлипкий', 'улица')","(1, 1)"
822,"('фонтан', 'сквер')","(1, 1)"
823,"('фридман', 'михаил')","(1, 1)"
824,"('фундамент', 'хлипкий')","(1, 1)"
825,"('хватать', 'это')","(1, 1)"
826,"('хватить', 'сила')","(1, 1)"
827,"('хищный', 'клекот')","(1, 1)"
828,"('цвести', 'сад')","(1, 1)"
829,"('цвет', 'запах')","(1, 1)"
830,"('читать', 'изучать')","(1, 1)"
831,"('человек', 'это')","(1, 1)"
832,"('человек', 'любовь')","(1, 1)"
833,"('человек', 'недобрый')","(1, 1)"
834,"('человек', 'он')","(1, 1)"
835,"('человек', 'поражать')","(1, 1)"
836,"('человек', 'справа')","(1, 1)"
837,"('человек', 'человек')","(1, 1)"
838,"('человеческий', 'ум')","(1, 1)"
839,"('человек', 'идти')","(1, 1)"
840,"('черный', 'белый')","(1, 1)"
841,"('черный', 'день')","(1, 1)"
842,"('черный', 'земля')","(1, 1)"
843,"('черный', 'море')","(1, 1)"
844,"('черный', 'уголек')","(1, 1)"
845,"('чистый', 'сердце')","(1, 1)"
846,"('человек', 'любить')","(1, 1)"
847,"('человек', 'знать')","(1, 1)"
848,"('цветок', 'звезда')","(1, 1)"
849,"('целый', 'ночь')","(1, 1)"
850,"('цветок', 'трава')","(1, 1)"
851,"('целительный', 'умножи')","(1, 1)"
852,"('целовать', 'алый')","(1, 1)"
853,"('целовать', 'рвать')","(1, 1)"
854,"('целый', 'день')","(1, 1)"
855,"('целый', 'мир')","(1, 1)"
856,"('целый', 'свет')","(1, 1)"
857,"('человек', 'душа')","(1, 1)"
858,"('церковь', 'сей')","(1, 1)"
859,"('чайный', 'роза')","(1, 1)"
860,"('час', 'ветер')","(1, 1)"
861,"('чей', 'сердце')","(1, 1)"
862,"('человек', 'говорить')","(1, 1)"
863,"('человек', 'голос')","(1, 1)"
864,"('твой', 'голос')","(1, 1)"
865,"('твой', 'голова')","(1, 1)"
866,"('твой', 'глаз')","(1, 1)"
867,"('смелый', 'человек')","(1, 1)"
868,"('слово', 'этот')","(1, 1)"
869,"('слушать', 'песня')","(1, 1)"
870,"('слышать', 'звук')","(1, 1)"
871,"('слышать', 'слово')","(1, 1)"
872,"('слышать', 'слышать')","(1, 1)"
873,"('слышать', 'твой')","(1, 1)"
874,"('смертный', 'час')","(1, 1)"
875,"('слово', 'страшный')","(1, 1)"
876,"('смерть', 'бой')","(1, 1)"
877,"('смерть', 'жизнь')","(1, 1)"
878,"('смерть', 'истерзать')","(1, 1)"
879,"('смерть', 'ребенок')","(1, 1)"
880,"('смерть', 'смерть')","(1, 1)"
881,"('смешать', 'кровавый')","(1, 1)"
882,"('слово', 'твой')","(1, 1)"
883,"('слово', 'слово')","(1, 1)"
884,"('смотреть', 'глаз')","(1, 1)"
885,"('слива', 'седина')","(1, 1)"
886,"('след', 'спешить')","(1, 1)"
887,"('след', 'тот')","(1, 1)"
888,"('слеза', 'лить')","(1, 1)"
889,"('слеза', 'литься')","(1, 1)"
890,"('слеза', 'слово')","(1, 1)"
891,"('слепой', 'белый')","(1, 1)"
892,"('словно', 'игрушка')","(1, 1)"
893,"('слово', 'первый')","(1, 1)"
894,"('слово', 'бессильный')","(1, 1)"
895,"('слово', 'джур')","(1, 1)"
896,"('слово', 'допивать')","(1, 1)"
897,"('слово', 'лишь')","(1, 1)"
898,"('слово', 'мой')","(1, 1)"
899,"('слово', 'ответ')","(1, 1)"
900,"('смотреть', 'видеть')","(1, 1)"
901,"('смотреть', 'далеко')","(1, 1)"
902,"('слать', 'молитва')","(1, 1)"
903,"('солдат', 'отвечать')","(1, 1)"
904,"('собор', 'впускать')","(1, 1)"
905,"('собранный', 'друг')","(1, 1)"
906,"('согревать', 'северный')","(1, 1)"
907,"('содрогаться', 'скала')","(1, 1)"
908,"('сокровище', 'чудовище')","(1, 1)"
909,"('солдат', 'идти')","(1, 1)"
910,"('солдат', 'хранить')","(1, 1)"
911,"('снова', 'снова')","(1, 1)"
912,"('солнечный', 'луч')","(1, 1)"
913,"('солнце', 'взлетать')","(1, 1)"
914,"('солнце', 'вставать')","(1, 1)"
915,"('солнце', 'луч')","(1, 1)"
916,"('солнце', 'небо')","(1, 1)"
917,"('солнце', 'свет')","(1, 1)"
918,"('собирать', 'свой')","(1, 1)"
919,"('снова', 'представать')","(1, 1)"
920,"('смотреть', 'смотреть')","(1, 1)"
921,"('снег', 'идти')","(1, 1)"
922,"('смочь', 'понимать')","(1, 1)"
923,"('смочь', 'спасать')","(1, 1)"
924,"('смущаться', 'глаз')","(1, 1)"
925,"('смычок', 'говорить')","(1, 1)"
926,"('снег', 'вершина')","(1, 1)"
927,"('снег', 'дождь')","(1, 1)"
928,"('снег', 'красный')","(1, 1)"
929,"('снимок', 'эйнштейн')","(1, 1)"
930,"('снег', 'лететь')","(1, 1)"
931,"('снег', 'небо')","(1, 1)"
932,"('снежный', 'ком')","(1, 1)"
933,"('снизу', 'вверх')","(1, 1)"
934,"('снимать', 'сорочка')","(1, 1)"
935,"('снимок', 'стена')","(1, 1)"
936,"('слева', 'дед')","(1, 1)"
937,"('сладость', 'нежный')","(1, 1)"
938,"('солнце', 'сиять')","(1, 1)"
939,"('серебро', 'лавка')","(1, 1)"
940,"('сердце', 'свой')","(1, 1)"
941,"('сердце', 'сердце')","(1, 1)"
942,"('сердце', 'скорый')","(1, 1)"
943,"('сердце', 'становиться')","(1, 1)"
944,"('сердце', 'твой')","(1, 1)"
945,"('сердце', 'человек')","(1, 1)"
946,"('сестрица', 'два')","(1, 1)"
947,"('сердце', 'ныть')","(1, 1)"
948,"('сеча', 'враг')","(1, 1)"
949,"('сеча', 'пусть')","(1, 1)"
950,"('сжигать', 'солнце')","(1, 1)"
951,"('сжимать', 'грудь')","(1, 1)"
952,"('сидеть', 'сидеть')","(1, 1)"
953,"('сидеть', 'стол')","(1, 1)"
954,"('сердце', 'рассвет')","(1, 1)"
955,"('сердце', 'мой')","(1, 1)"
956,"('сила', 'душа')","(1, 1)"
957,"('сей', 'упоить')","(1, 1)"
958,"('северный', 'лес')","(1, 1)"
959,"('северный', 'поэт')","(1, 1)"
960,"('северный', 'страна')","(1, 1)"
961,"('седина', 'перец')","(1, 1)"
962,"('седой', 'мать')","(1, 1)"
963,"('сей', 'пора')","(1, 1)"
964,"('семенович', 'жук')","(1, 1)"
965,"('сердце', 'знать')","(1, 1)"
966,"('сентябрь', 'г')","(1, 1)"
967,"('сергеевич', 'пушкин')","(1, 1)"
968,"('сергей', 'евгеньевич')","(1, 1)"
969,"('сердце', 'биться')","(1, 1)"
970,"('сердце', 'дом')","(1, 1)"
971,"('сердце', 'друг')","(1, 1)"
972,"('сила', 'борьба')","(1, 1)"
973,"('сила', 'оно')","(1, 1)"
974,"('сладостный', 'лень')","(1, 1)"
975,"('скорбь', 'печаль')","(1, 1)"
976,"('сквозь', 'облачный')","(1, 1)"
977,"('сквозь', 'сон')","(1, 1)"
978,"('склон', 'вверх')","(1, 1)"
979,"('склонять', 'голова')","(1, 1)"
980,"('склонять', 'красота')","(1, 1)"
981,"('сколько', 'год')","(1, 1)"
982,"('скорбь', 'твой')","(1, 1)"
983,"('сквозь', 'век')","(1, 1)"
984,"('скоро', 'скоро')","(1, 1)"
985,"('скорый', 'око')","(1, 1)"
986,"('славный', 'великий')","(1, 1)"
987,"('славный', 'перс')","(1, 1)"
988,"('слагать', 'песня')","(1, 1)"
989,"('сладкий', 'вино')","(1, 1)"
990,"('сквозь', 'дым')","(1, 1)"
991,"('сквер', 'струистый')","(1, 1)"
992,"('сила', 'слава')","(1, 1)"
993,"('сказание', 'победа')","(1, 1)"
994,"('сила', 'уходить')","(1, 1)"
995,"('сила', 'храбрый')","(1, 1)"
996,"('синий', 'зеленый')","(1, 1)"
997,"('синий', 'слива')","(1, 1)"
998,"('сиреневый', 'туман')","(1, 1)"
999,"('сияние', 'снег')","(1, 1)"
1000,"('сказать', 'друг')","(1, 1)"
1001,"('скат', 'холм')","(1, 1)"
1002,"('сказать', 'тихо')","(1, 1)"
1003,"('сказать', 'ты')","(1, 1)"
1004,"('сказать', 'уходить')","(1, 1)"
1005,"('скала', 'вековой')","(1, 1)"
1006,"('скала', 'гранитный')","(1, 1)"
1007,"('скала', 'желтый')","(1, 1)"
1008,"('солнце', 'светить')","(1, 1)"
1009,"('солнце', 'снег')","(1, 1)"
1010,"('твой', 'воля')","(1, 1)"
1011,"('судьба', 'ждать')","(1, 1)"
1012,"('стремя', 'помчаться')","(1, 1)"
1013,"('строить', 'дом')","(1, 1)"
1014,"('струистый', 'серебро')","(1, 1)"
1015,"('струна', 'сердце')","(1, 1)"
1016,"('стукач', 'имя')","(1, 1)"
1017,"('судьба', 'б')","(1, 1)"
1018,"('судьба', 'мир')","(1, 1)"
1019,"('стрела', 'лететь')","(1, 1)"
1020,"('судьба', 'мой')","(1, 1)"
1021,"('судьба', 'народ')","(1, 1)"
1022,"('судьба', 'расти')","(1, 1)"
1023,"('судьба', 'такой')","(1, 1)"
1024,"('судьба', 'человек')","(1, 1)"
1025,"('судьба', 'чужой')","(1, 1)"
1026,"('стремиться', 'вдаль')","(1, 1)"
1027,"('страшный', 'сон')","(1, 1)"
1028,"('сурово', 'стоять')","(1, 1)"
1029,"('страна', 'который')","(1, 1)"
1030,"('стоять', 'ты')","(1, 1)"
1031,"('страдание', 'армянский')","(1, 1)"
1032,"('страдание', 'наступать')","(1, 1)"
1033,"('страна', 'воспевать')","(1, 1)"
1034,"('страна', 'должный')","(1, 1)"
1035,"('страна', 'забывать')","(1, 1)"
1036,"('страна', 'красота')","(1, 1)"
1037,"('страшный', 'сказать')","(1, 1)"
1038,"('страна', 'лишь')","(1, 1)"
1039,"('страна', 'перенести')","(1, 1)"
1040,"('страница', 'страница')","(1, 1)"
1041,"('странно', 'знать')","(1, 1)"
1042,"('страсть', 'млеть')","(1, 1)"
1043,"('страх', 'вспоминать')","(1, 1)"
1044,"('супостат', 'полк')","(1, 1)"
1045,"('счастие', 'любовь')","(1, 1)"
1046,"('стоять', 'свой')","(1, 1)"
1047,"('тамара', 'чрево')","(1, 1)"
1048,"('такой', 'сердце')","(1, 1)"
1049,"('такой', 'слыхать')","(1, 1)"
1050,"('такой', 'солнце')","(1, 1)"
1051,"('такой', 'тишина')","(1, 1)"
1052,"('такой', 'точно')","(1, 1)"
1053,"('талый', 'вода')","(1, 1)"
1054,"('тварь', 'пара')","(1, 1)"
1055,"('такой', 'картина')","(1, 1)"
1056,"('твердь', 'синий')","(1, 1)"
1057,"('твой', 'армения')","(1, 1)"
1058,"('твой', 'безотрадный')","(1, 1)"
1059,"('твой', 'благословлять')","(1, 1)"
1060,"('твой', 'венец')","(1, 1)"
1061,"('твой', 'вино')","(1, 1)"
1062,"('такой', 'ночь')","(1, 1)"
1063,"('такой', 'жить')","(1, 1)"
1064,"('счастие', 'называть')","(1, 1)"
1065,"('сын', 'дух')","(1, 1)"
1066,"('счастие', 'родина')","(1, 1)"
1067,"('счастие', 'свобода')","(1, 1)"
1068,"('счастие', 'твой')","(1, 1)"
1069,"('счастливый', 'год')","(1, 1)"
1070,"('счастливый', 'считать')","(1, 1)"
1071,"('счастливый', 'трепет')","(1, 1)"
1072,"('сын', 'промчаться')","(1, 1)"
1073,"('тайный', 'знак')","(1, 1)"
1074,"('сын', 'распинать')","(1, 1)"
1075,"('сын', 'родной')","(1, 1)"
1076,"('сынок', 'милый')","(1, 1)"
1077,"('сынок', 'молчать')","(1, 1)"
1078,"('сырой', 'земля')","(1, 1)"
1079,"('сюда', 'колхоз')","(1, 1)"
1080,"('стоять', 'средь')","(1, 1)"
1081,"('стоять', 'рядом')","(1, 1)"
1082,"('солнце', 'солнце')","(1, 1)"
1083,"('среди', 'сеча')","(1, 1)"
1084,"('справа', 'снимок')","(1, 1)"
1085,"('спрашивать', 'саак')","(1, 1)"
1086,"('сражение', 'петь')","(1, 1)"
1087,"('сражение', 'пред')","(1, 1)"
1088,"('сразу', 'узнавать')","(1, 1)"
1089,"('среди', 'грозный')","(1, 1)"
1090,"('среди', 'трава')","(1, 1)"
1091,"('спать', 'снег')","(1, 1)"
1092,"('средь', 'мрачный')","(1, 1)"
1093,"('средь', 'северный')","(1, 1)"
1094,"('срываться', 'камень')","(1, 1)"
1095,"('срываться', 'уста')","(1, 1)"
1096,"('станислав', 'александрович')","(1, 1)"
1097,"('становиться', 'белый')","(1, 1)"
1098,"('справа', 'прадед')","(1, 1)"
1099,"('спать', 'крепко')","(1, 1)"
1100,"('становиться', 'вновь')","(1, 1)"
1101,"('сон', 'сон')","(1, 1)"
1102,"('соловей', 'петь')","(1, 1)"
1103,"('сон', 'девчонка')","(1, 1)"
1104,"('сон', 'жизнь')","(1, 1)"
1105,"('сон', 'мир')","(1, 1)"
1106,"('сон', 'объять')","(1, 1)"
1107,"('сон', 'сказать')","(1, 1)"
1108,"('сон', 'спать')","(1, 1)"
1109,"('спасать', 'россия')","(1, 1)"
1110,"('сон', 'явь')","(1, 1)"
1111,"('сонный', 'прохожий')","(1, 1)"
1112,"('сорок', 'год')","(1, 1)"
1113,"('сорочка', 'показывать')","(1, 1)"
1114,"('сочувствовать', 'ребенок')","(1, 1)"
1115,"('спасать', 'боже')","(1, 1)"
1116,"('становиться', 'бог')","(1, 1)"
1117,"('становиться', 'кипеть')","(1, 1)"
1118,"('стоять', 'надежда')","(1, 1)"
1119,"('сто', 'год')","(1, 1)"
1120,"('стена', 'храм')","(1, 1)"
1121,"('стереть', 'лицо')","(1, 1)"
1122,"('стих', 'жизнь')","(1, 1)"
1123,"('стих', 'писать')","(1, 1)"
1124,"('стих', 'полотно')","(1, 1)"
1125,"('стих', 'становиться')","(1, 1)"
1126,"('сто', 'крат')","(1, 1)"
1127,"('стена', 'приподымать')","(1, 1)"
1128,"('стол', 'шабат')","(1, 1)"
1129,"('столь', 'безлико')","(1, 1)"
1130,"('столько', 'год')","(1, 1)"
1131,"('столько', 'горе')","(1, 1)"
1132,"('стоять', 'быть')","(1, 1)"
1133,"('стоять', 'дом')","(1, 1)"
1134,"('стена', 'старый')","(1, 1)"
1135,"('стена', 'мочь')","(1, 1)"
1136,"('становиться', 'лицо')","(1, 1)"
1137,"('старание', 'давать')","(1, 1)"
1138,"('становиться', 'мим')","(1, 1)"
1139,"('становиться', 'свет')","(1, 1)"
1140,"('становиться', 'слово')","(1, 1)"
1141,"('становиться', 'сырой')","(1, 1)"
1142,"('становиться', 'ты')","(1, 1)"
1143,"('становиться', 'чужой')","(1, 1)"
1144,"('старик', 'старый')","(1, 1)"
1145,"('стена', 'крениться')","(1, 1)"
1146,"('старинный', 'ряд')","(1, 1)"
1147,"('старший', 'брат')","(1, 1)"
1148,"('старый', 'армянин')","(1, 1)"
1149,"('старый', 'друг')","(1, 1)"
1150,"('стена', 'дом')","(1, 1)"
1151,"('стена', 'ковер')","(1, 1)"
1152,"('начинать', 'свой')","(1, 1)"
1153,"('находить', 'холст')","(1, 1)"
1154,"('находить', 'покой')","(1, 1)"
1155,"('находить', 'находить')","(1, 1)"
1156,"('год', 'назад')","(1, 1)"
1157,"('год', 'ответ')","(1, 1)"
1158,"('год', 'проходить')","(1, 1)"
1159,"('год', 'свой')","(1, 1)"
1160,"('голова', 'поседеть')","(1, 1)"
1161,"('голова', 'пред')","(1, 1)"
1162,"('голос', 'твой')","(1, 1)"
1163,"('голубой', 'глаз')","(1, 1)"
1164,"('голубой', 'небо')","(1, 1)"
1165,"('гора', 'вершина')","(1, 1)"
1166,"('гора', 'весь')","(1, 1)"
1167,"('гора', 'высокий')","(1, 1)"
1168,"('гора', 'гора')","(1, 1)"
1169,"('гора', 'дрожать')","(1, 1)"
1170,"('гора', 'идти')","(1, 1)"
1171,"('год', 'молодой')","(1, 1)"
1172,"('год', 'день')","(1, 1)"
1173,"('год', 'давно')","(1, 1)"
1174,"('говорить', 'быть')","(1, 1)"
1175,"('глотать', 'слеза')","(1, 1)"
1176,"('глушь', 'средь')","(1, 1)"
1177,"('глядеть', 'глаз')","(1, 1)"
1178,"('глядеть', 'глядеть')","(1, 1)"
1179,"('глядеть', 'окошко')","(1, 1)"
1180,"('глядеть', 'стена')","(1, 1)"
1181,"('говорить', 'все')","(1, 1)"
1182,"('год', 'год')","(1, 1)"
1183,"('говорить', 'телефон')","(1, 1)"
1184,"('говорить', 'черный')","(1, 1)"
1185,"('говорить', 'язык')","(1, 1)"
1186,"('год', 'век')","(1, 1)"
1187,"('год', 'взять')","(1, 1)"
1188,"('год', 'вперед')","(1, 1)"
1189,"('гора', 'находить')","(1, 1)"
1190,"('гора', 'небо')","(1, 1)"
1191,"('гора', 'пускай')","(1, 1)"
1192,"('грозный', 'битва')","(1, 1)"
1193,"('готовый', 'стоять')","(1, 1)"
1194,"('готовый', 'сын')","(1, 1)"
1195,"('греметь', 'глас')","(1, 1)"
1196,"('греться', 'огонь')","(1, 1)"
1197,"('грецкий', 'орех')","(1, 1)"
1198,"('гроздь', 'виноград')","(1, 1)"
1199,"('грозный', 'массив')","(1, 1)"
1200,"('гость', 'угощать')","(1, 1)"
1201,"('грозный', 'сеча')","(1, 1)"
1202,"('гром', 'греметь')","(1, 1)"
1203,"('громко', 'петь')","(1, 1)"
1204,"('грубый', 'любить')","(1, 1)"
1205,"('груда', 'оттенок')","(1, 1)"
1206,"('грудь', 'знать')","(1, 1)"
1207,"('готовый', 'сочувствовать')","(1, 1)"
1208,"('горячий', 'тяжелый')","(1, 1)"
1209,"('гора', 'развертываться')","(1, 1)"
1210,"('гореть', 'свеча')","(1, 1)"
1211,"('гора', 'свет')","(1, 1)"
1212,"('гордый', 'душа')","(1, 1)"
1213,"('горе', 'тоска')","(1, 1)"
1214,"('горестный', 'конец')","(1, 1)"
1215,"('гореть', 'гора')","(1, 1)"
1216,"('гореть', 'огонь')","(1, 1)"
1217,"('гореть', 'твой')","(1, 1)"
1218,"('горячий', 'рука')","(1, 1)"
1219,"('горный', 'перевал')","(1, 1)"
1220,"('город', 'свой')","(1, 1)"
1221,"('город', 'толпа')","(1, 1)"
1222,"('горький', 'вода')","(1, 1)"
1223,"('горький', 'грубый')","(1, 1)"
1224,"('горько', 'плакать')","(1, 1)"
1225,"('глиняный', 'пыль')","(1, 1)"
1226,"('глас', 'умолкать')","(1, 1)"
1227,"('глазастый', 'ребята')","(1, 1)"
1228,"('встречать', 'пусть')","(1, 1)"
1229,"('вспомнить', 'вновь')","(1, 1)"
1230,"('вспомнить', 'древний')","(1, 1)"
1231,"('вспыхивать', 'погасать')","(1, 1)"
1232,"('вставать', 'тревога')","(1, 1)"
1233,"('встреча', 'ждать')","(1, 1)"
1234,"('встречать', 'заря')","(1, 1)"
1235,"('встречать', 'рассвет')","(1, 1)"
1236,"('всплеск', 'весло')","(1, 1)"
1237,"('встречать', 'тень')","(1, 1)"
1238,"('всякий', 'день')","(1, 1)"
1239,"('вход', 'храм')","(1, 1)"
1240,"('входить', 'входить')","(1, 1)"
1241,"('вчера', 'погребать')","(1, 1)"
1242,"('выбирать', 'ты')","(1, 1)"
1243,"('вспоминать', 'петь')","(1, 1)"
1244,"('вселенский', 'дождь')","(1, 1)"
1245,"('выжигать', 'трава')","(1, 1)"
1246,"('все', 'гора')","(1, 1)"
1247,"('время', 'кривой')","(1, 1)"
1248,"('время', 'наставать')","(1, 1)"
1249,"('время', 'пойти')","(1, 1)"
1250,"('время', 'терять')","(1, 1)"
1251,"('все', 'весь')","(1, 1)"
1252,"('все', 'говорить')","(1, 1)"
1253,"('все', 'готовый')","(1, 1)"
1254,"('все', 'чуждый')","(1, 1)"
1255,"('все', 'еще')","(1, 1)"
1256,"('все', 'жизнь')","(1, 1)"
1257,"('все', 'любить')","(1, 1)"
1258,"('все', 'никто')","(1, 1)"
1259,"('все', 'равный')","(1, 1)"
1260,"('все', 'свой')","(1, 1)"
1261,"('выделяться', 'быть')","(1, 1)"
1262,"('выпадать', 'ты')","(1, 1)"
1263,"('глаз', 'этот')","(1, 1)"
1264,"('глаз', 'ребенок')","(1, 1)"
1265,"('герман', 'владимирович')","(1, 1)"
1266,"('гиблый', 'болото')","(1, 1)"
1267,"('глаз', 'мой')","(1, 1)"
1268,"('глаз', 'мольба')","(1, 1)"
1269,"('глаз', 'оттачивать')","(1, 1)"
1270,"('глаз', 'повсюду')","(1, 1)"
1271,"('глаз', 'рубин')","(1, 1)"
1272,"('геннадьевич', 'месяц')","(1, 1)"
1273,"('глаз', 'рука')","(1, 1)"
1274,"('глаз', 'сводить')","(1, 1)"
1275,"('глаз', 'сиять')","(1, 1)"
1276,"('глаз', 'слеза')","(1, 1)"
1277,"('глаз', 'смотреть')","(1, 1)"
1278,"('глаз', 'твой')","(1, 1)"
1279,"('георгий', 'иосифович')","(1, 1)"
1280,"('геннадий', 'леонидович')","(1, 1)"
1281,"('выситься', 'гора')","(1, 1)"
1282,"('г', 'антокольский')","(1, 1)"
1283,"('высота', 'глаз')","(1, 1)"
1284,"('выходить', 'вода')","(1, 1)"
1285,"('выходить', 'ворота')","(1, 1)"
1286,"('выходить', 'дорога')","(1, 1)"
1287,"('выходить', 'свет')","(1, 1)"
1288,"('вячеславовна', 'арутюнов')","(1, 1)"
1289,"('г', 'воспоминание')","(1, 1)"
1290,"('гдеть', 'плоцкий')","(1, 1)"
1291,"('г', 'кансон')","(1, 1)"
1292,"('г', 'корин')","(1, 1)"
1293,"('г', 'москва')","(1, 1)"
1294,"('гайк', 'арам')","(1, 1)"
1295,"('галина', 'даниелевна')","(1, 1)"
1296,"('гдето', 'журчать')","(1, 1)"
1297,"('грудь', 'мерещиться')","(1, 1)"
1298,"('грудь', 'рука')","(1, 1)"
1299,"('грудь', 'слать')","(1, 1)"
1300,"('дорога', 'длинный')","(1, 1)"
1301,"('дом', 'фундамент')","(1, 1)"
1302,"('домой', 'возвращаться')","(1, 1)"
1303,"('допивать', 'твой')","(1, 1)"
1304,"('допускать', 'храм')","(1, 1)"
1305,"('дорога', 'вечность')","(1, 1)"
1306,"('дорога', 'далекий')","(1, 1)"
1307,"('дорога', 'идти')","(1, 1)"
1308,"('дом', 'стоять')","(1, 1)"
1309,"('дорога', 'тот')","(1, 1)"
1310,"('дорога', 'уходить')","(1, 1)"
1311,"('доходить', 'слово')","(1, 1)"
1312,"('дразнить', 'охапка')","(1, 1)"
1313,"('древний', 'земля')","(1, 1)"
1314,"('древний', 'край')","(1, 1)"
1315,"('дом', 'укреплять')","(1, 1)"
1316,"('дом', 'становиться')","(1, 1)"
1317,"('древний', 'шуметь')","(1, 1)"
1318,"('долина', 'гора')","(1, 1)"
1319,"('долгий', 'жизнь')","(1, 1)"
1320,"('долгий', 'звук')","(1, 1)"
1321,"('долгий', 'обещание')","(1, 1)"
1322,"('должный', 'знакомый')","(1, 1)"
1323,"('должный', 'проходить')","(1, 1)"
1324,"('должный', 'томиться')","(1, 1)"
1325,"('дом', 'гиблый')","(1, 1)"
1326,"('дом', 'спрашивать')","(1, 1)"
1327,"('дом', 'дом')","(1, 1)"
1328,"('дом', 'жить')","(1, 1)"
1329,"('дом', 'занести')","(1, 1)"
1330,"('дом', 'комната')","(1, 1)"
1331,"('дом', 'сад')","(1, 1)"
1332,"('дом', 'свой')","(1, 1)"
1333,"('древний', 'сказание')","(1, 1)"
1334,"('древность', 'твой')","(1, 1)"
1335,"('долг', 'дорога')","(1, 1)"
1336,"('душа', 'верить')","(1, 1)"
1337,"('другой', 'сердце')","(1, 1)"
1338,"('другой', 'слышать')","(1, 1)"
1339,"('дружина', 'свой')","(1, 1)"
1340,"('думать', 'золотой')","(1, 1)"
1341,"('думать', 'каждый')","(1, 1)"
1342,"('душа', 'аракса')","(1, 1)"
1343,"('душа', 'веселить')","(1, 1)"
1344,"('другой', 'имя')","(1, 1)"
1345,"('душа', 'весь')","(1, 1)"
1346,"('душа', 'измученный')","(1, 1)"
1347,"('душа', 'мой')","(1, 1)"
1348,"('душа', 'молодой')","(1, 1)"
1349,"('душа', 'свой')","(1, 1)"
1350,"('душа', 'твой')","(1, 1)"
1351,"('другой', 'место')","(1, 1)"
1352,"('друг', 'ударять')","(1, 1)"
1353,"('дремать', 'гора')","(1, 1)"
1354,"('друг', 'друг')","(1, 1)"
1355,"('дрожать', 'отец')","(1, 1)"
1356,"('друг', 'б')","(1, 1)"
1357,"('друг', 'вернуть')","(1, 1)"
1358,"('друг', 'враг')","(1, 1)"
1359,"('друг', 'встречаться')","(1, 1)"
1360,"('друг', 'глаз')","(1, 1)"
1361,"('друг', 'золотой')","(1, 1)"
1362,"('друг', 'ты')","(1, 1)"
1363,"('друг', 'мой')","(1, 1)"
1364,"('друг', 'открывать')","(1, 1)"
1365,"('друг', 'пойти')","(1, 1)"
1366,"('друг', 'помнить')","(1, 1)"
1367,"('друг', 'свой')","(1, 1)"
1368,"('друг', 'тот')","(1, 1)"
1369,"('долгий', 'год')","(1, 1)"
1370,"('дождь', 'осень')","(1, 1)"
1371,"('грядущее', 'тревожить')","(1, 1)"
1372,"('дверь', 'отворять')","(1, 1)"
1373,"('дальний', 'странствие')","(1, 1)"
1374,"('даниелевна', 'климова')","(1, 1)"
1375,"('данность', 'принимать')","(1, 1)"
1376,"('дар', 'париж')","(1, 1)"
1377,"('два', 'мой')","(1, 1)"
1378,"('двадцатый', 'год')","(1, 1)"
1379,"('двести', 'год')","(1, 1)"
1380,"('дальний', 'ближний')","(1, 1)"
1381,"('дворец', 'замок')","(1, 1)"
1382,"('девочка', 'все')","(1, 1)"
1383,"('дед', 'саак')","(1, 1)"
1384,"('дед', 'снимок')","(1, 1)"
1385,"('дело', 'свой')","(1, 1)"
1386,"('дело', 'твой')","(1, 1)"
1387,"('дальний', 'страна')","(1, 1)"
1388,"('далекий', 'страна')","(1, 1)"
1389,"('день', 'война')","(1, 1)"
1390,"('давать', 'твой')","(1, 1)"
1391,"('губа', 'белый')","(1, 1)"
1392,"('губа', 'смех')","(1, 1)"
1393,"('губа', 'твой')","(1, 1)"
1394,"('д', 'давыдов')","(1, 1)"
1395,"('давать', 'исповедь')","(1, 1)"
1396,"('давать', 'ответ')","(1, 1)"
1397,"('давно', 'жить')","(1, 1)"
1398,"('далекий', 'пустой')","(1, 1)"
1399,"('давно', 'забывать')","(1, 1)"
1400,"('давно', 'ль')","(1, 1)"
1401,"('давно', 'позабывать')","(1, 1)"
1402,"('далекий', 'год')","(1, 1)"
1403,"('далекий', 'край')","(1, 1)"
1404,"('далекий', 'море')","(1, 1)"
1405,"('день', 'бежать')","(1, 1)"
1406,"('день', 'впереди')","(1, 1)"
1407,"('дождь', 'идти')","(1, 1)"
1408,"('дикий', 'зверь')","(1, 1)"
1409,"('десять', 'минута')","(1, 1)"
1410,"('детский', 'год')","(1, 1)"
1411,"('детство', 'мой')","(1, 1)"
1412,"('деяние', 'уважение')","(1, 1)"
1413,"('джур', 'вода')","(1, 1)"
1414,"('джур', 'сладость')","(1, 1)"
1415,"('дикий', 'яркий')","(1, 1)"
1416,"('держать', 'рука')","(1, 1)"
1417,"('дмитрий', 'юрьевич')","(1, 1)"
1418,"('днепр', 'письмо')","(1, 1)"
1419,"('дно', 'земля')","(1, 1)"
1420,"('добрый', 'весть')","(1, 1)"
1421,"('добрый', 'друг')","(1, 1)"
1422,"('добрый', 'утро')","(1, 1)"
1423,"('держать', 'свой')","(1, 1)"
1424,"('дерево', 'цвести')","(1, 1)"
1425,"('день', 'год')","(1, 1)"
1426,"('день', 'осенний')","(1, 1)"
1427,"('день', 'звать')","(1, 1)"
1428,"('день', 'конец')","(1, 1)"
1429,"('день', 'мой')","(1, 1)"
1430,"('день', 'насущный')","(1, 1)"
1431,"('день', 'наш')","(1, 1)"
1432,"('день', 'ночь')","(1, 1)"
1433,"('день', 'победный')","(1, 1)"
1434,"('дерево', 'расти')","(1, 1)"
1435,"('день', 'прийти')","(1, 1)"
1436,"('день', 'проходить')","(1, 1)"
1437,"('день', 'такой')","(1, 1)"
1438,"('день', 'твой')","(1, 1)"
1439,"('день', 'торжество')","(1, 1)"
1440,"('день', 'юность')","(1, 1)"
1441,"('время', 'идти')","(1, 1)"
1442,"('время', 'давать')","(1, 1)"
1443,"('время', 'все')","(1, 1)"
1444,"('больничный', 'палата')","(1, 1)"
1445,"('болеть', 'твой')","(1, 1)"
1446,"('болото', 'безликий')","(1, 1)"
1447,"('боль', 'рана')","(1, 1)"
1448,"('боль', 'свой')","(1, 1)"
1449,"('боль', 'сердечный')","(1, 1)"
1450,"('боль', 'твой')","(1, 1)"
1451,"('большой', 'малый')","(1, 1)"
1452,"('бой', 'письмо')","(1, 1)"
1453,"('борец', 'пророк')","(1, 1)"
1454,"('борис', 'ильич')","(1, 1)"
1455,"('борьба', 'враг')","(1, 1)"
1456,"('бояться', 'бояться')","(1, 1)"
1457,"('бояться', 'нигде')","(1, 1)"
1458,"('бояться', 'слово')","(1, 1)"
1459,"('бок', 'бок')","(1, 1)"
1460,"('бой', 'закипать')","(1, 1)"
1461,"('бояться', 'супостат')","(1, 1)"
1462,"('бог', 'ради')","(1, 1)"
1463,"('близко', 'близко')","(1, 1)"
1464,"('близко', 'подходить')","(1, 1)"
1465,"('бог', 'бог')","(1, 1)"
1466,"('бог', 'единый')","(1, 1)"
1467,"('бог', 'звать')","(1, 1)"
1468,"('бог', 'посылать')","(1, 1)"
1469,"('бог', 'рука')","(1, 1)"
1470,"('бой', 'бояться')","(1, 1)"
1471,"('бог', 'свеча')","(1, 1)"
1472,"('бог', 'твой')","(1, 1)"
1473,"('богомолье', 'нелюбимый')","(1, 1)"
1474,"('боже', 'простереться')","(1, 1)"
1475,"('боже', 'свет')","(1, 1)"
1476,"('божий', 'мать')","(1, 1)"
1477,"('бояться', 'сражение')","(1, 1)"
1478,"('брат', 'сестра')","(1, 1)"
1479,"('блеклый', 'пейзаж')","(1, 1)"
1480,"('быть', 'ребенок')","(1, 1)"
1481,"('быть', 'видеть')","(1, 1)"
1482,"('быть', 'год')","(1, 1)"
1483,"('быть', 'ждать')","(1, 1)"
1484,"('быть', 'жить')","(1, 1)"
1485,"('быть', 'крохобор')","(1, 1)"
1486,"('быть', 'песня')","(1, 1)"
1487,"('быть', 'старание')","(1, 1)"
1488,"('быстрый', 'стрела')","(1, 1)"
1489,"('быть', 'твой')","(1, 1)"
1490,"('вадим', 'геннадьевич')","(1, 1)"
1491,"('вадим', 'семенович')","(1, 1)"
1492,"('вадим', 'яковлевич')","(1, 1)"
1493,"('вадимович', 'гацкославацкий')","(1, 1)"
1494,"('важно', 'слово')","(1, 1)"
1495,"('быть', 'вечно')","(1, 1)"
1496,"('быстрый', 'гореть')","(1, 1)"
1497,"('братоубийственный', 'война')","(1, 1)"
1498,"('бросать', 'сердце')","(1, 1)"
1499,"('братский', 'могила')","(1, 1)"
1500,"('братский', 'помощь')","(1, 1)"
1501,"('бровь', 'последний')","(1, 1)"
1502,"('бровь', 'саак')","(1, 1)"
1503,"('бронзовый', 'медный')","(1, 1)"
1504,"('бросать', 'море')","(1, 1)"
1505,"('бросать', 'тень')","(1, 1)"
1506,"('быстрый', 'взор')","(1, 1)"
1507,"('бросаться', 'битва')","(1, 1)"
1508,"('былой', 'год')","(1, 1)"
1509,"('былой', 'рана')","(1, 1)"
1510,"('былой', 'сражение')","(1, 1)"
1511,"('быль', 'небыль')","(1, 1)"
1512,"('быстро', 'мой')","(1, 1)"
1513,"('близкий', 'человек')","(1, 1)"
1514,"('бледный', 'тень')","(1, 1)"
1515,"('валерий', 'витальевич')","(1, 1)"
1516,"('армянский', 'великий')","(1, 1)"
1517,"('армения', 'звенящий')","(1, 1)"
1518,"('армения', 'подлинный')","(1, 1)"
1519,"('армения', 'святой')","(1, 1)"
1520,"('армения', 'хотеть')","(1, 1)"
1521,"('армянин', 'маленький')","(1, 1)"
1522,"('армянин', 'строить')","(1, 1)"
1523,"('армянский', 'земля')","(1, 1)"
1524,"('армения', 'восток')","(1, 1)"
1525,"('армянский', 'народ')","(1, 1)"
1526,"('армянский', 'страна')","(1, 1)"
1527,"('афродита', 'дар')","(1, 1)"
1528,"('ах', 'это')","(1, 1)"
1529,"('ашотович', 'шакарян')","(1, 1)"
1530,"('б', 'жить')","(1, 1)"
1531,"('армения', 'заря')","(1, 1)"
1532,"('армения', 'вино')","(1, 1)"
1533,"('б', 'оставаться')","(1, 1)"
1534,"('алый', 'уста')","(1, 1)"
1535,"('александр', 'сергеевич')","(1, 1)"
1536,"('александрович', 'луговской')","(1, 1)"
1537,"('александрович', 'минаков')","(1, 1)"
1538,"('алена', 'бабанская')","(1, 1)"
1539,"('алмаз', 'слеза')","(1, 1)"
1540,"('алмазный', 'святой')","(1, 1)"
1541,"('анатольевна', 'павлов')","(1, 1)"
1542,"('арарат', 'умирать')","(1, 1)"
1543,"('андрей', 'юрьевич')","(1, 1)"
1544,"('антикварный', 'камень')","(1, 1)"
1545,"('апостол', 'древний')","(1, 1)"
1546,"('аракса', 'древний')","(1, 1)"
1547,"('арам', 'воспевать')","(1, 1)"
1548,"('арарат', 'развалины')","(1, 1)"
1549,"('б', 'мочь')","(1, 1)"
1550,"('б', 'слуцкий')","(1, 1)"
1551,"('бледный', 'отблеск')","(1, 1)"
1552,"('бессонный', 'ночь')","(1, 1)"
1553,"('берег', 'выходить')","(1, 1)"
1554,"('берег', 'плескаться')","(1, 1)"
1555,"('берег', 'пустой')","(1, 1)"
1556,"('берег', 'река')","(1, 1)"
1557,"('берег', 'свой')","(1, 1)"
1558,"('берег', 'твой')","(1, 1)"
1559,"('библиотека', 'быть')","(1, 1)"
1560,"('белый', 'снег')","(1, 1)"
1561,"('битва', 'плоть')","(1, 1)"
1562,"('бить', 'берег')","(1, 1)"
1563,"('биться', 'сердце')","(1, 1)"
1564,"('благой', 'весть')","(1, 1)"
1565,"('благой', 'небо')","(1, 1)"
1566,"('благоухать', 'шамам')","(1, 1)"
1567,"('белый', 'твой')","(1, 1)"
1568,"('белый', 'парус')","(1, 1)"
1569,"('б', 'чичибабин')","(1, 1)"
1570,"('бездна', 'мрачный')","(1, 1)"
1571,"('базарный', 'лиловый')","(1, 1)"
1572,"('балкон', 'сверху')","(1, 1)"
1573,"('бархатный', 'груда')","(1, 1)"
1574,"('бедный', 'власть')","(1, 1)"
1575,"('бедный', 'селение')","(1, 1)"
1576,"('безгрешный', 'душа')","(1, 1)"
1577,"('бездна', 'ответ')","(1, 1)"
1578,"('белый', 'лист')","(1, 1)"
1579,"('безликий', 'микрорайон')","(1, 1)"
1580,"('безлико', 'местность')","(1, 1)"
1581,"('безоглядный', 'долгий')","(1, 1)"
1582,"('безродный', 'кран')","(1, 1)"
1583,"('белый', 'великий')","(1, 1)"
1584,"('белый', 'день')","(1, 1)"
1585,"('валериевна', 'широковатамбовцева')","(1, 1)"
1586,"('валерий', 'самуилович')","(1, 1)"
1587,"('враг', 'свой')","(1, 1)"
1588,"('владимировна', 'кудимова')","(1, 1)"
1589,"('виноград', 'огромный')","(1, 1)"
1590,"('вихорь', 'нестись')","(1, 1)"
1591,"('вкривь', 'вкось')","(1, 1)"
1592,"('владимир', 'александрович')","(1, 1)"
1593,"('владимир', 'борисович')","(1, 1)"
1594,"('владимирович', 'титов')","(1, 1)"
1595,"('владимировна', 'сафронова')","(1, 1)"
1596,"('вино', 'идти')","(1, 1)"
1597,"('власть', 'сатана')","(1, 1)"
1598,"('вместе', 'мы')","(1, 1)"
1599,"('вместо', 'журчание')","(1, 1)"
1600,"('вода', 'безродный')","(1, 1)"
1601,"('вода', 'вино')","(1, 1)"
1602,"('вода', 'все')","(1, 1)"
1603,"('вино', 'наливать')","(1, 1)"
1604,"('вино', 'глас')","(1, 1)"
1605,"('вода', 'живой')","(1, 1)"
1606,"('видеть', 'лицо')","(1, 1)"
1607,"('видеть', 'белый')","(1, 1)"
1608,"('видеть', 'взор')","(1, 1)"
1609,"('видеть', 'видеть')","(1, 1)"
1610,"('видеть', 'город')","(1, 1)"
1611,"('видеть', 'дом')","(1, 1)"
1612,"('видеть', 'лес')","(1, 1)"
1613,"('видеть', 'новый')","(1, 1)"
1614,"('викторович', 'вегин')","(1, 1)"
1615,"('видеть', 'око')","(1, 1)"
1616,"('видеть', 'сад')","(1, 1)"
1617,"('видеть', 'сквозь')","(1, 1)"
1618,"('видеть', 'сон')","(1, 1)"
1619,"('видеть', 'тень')","(1, 1)"
1620,"('видеть', 'это')","(1, 1)"
1621,"('вода', 'жаркий')","(1, 1)"
1622,"('вода', 'знать')","(1, 1)"
1623,"('взор', 'пора')","(1, 1)"
1624,"('восторженный', 'душа')","(1, 1)"
1625,"('воскресение', 'весть')","(1, 1)"
1626,"('воскрешать', 'рана')","(1, 1)"
1627,"('воспевать', 'готовый')","(1, 1)"
1628,"('воспевать', 'тигран')","(1, 1)"
1629,"('восток', 'армянин')","(1, 1)"
1630,"('восток', 'жаркий')","(1, 1)"
1631,"('восточный', 'страна')","(1, 1)"
1632,"('воля', 'навек')","(1, 1)"
1633,"('восходить', 'небосклон')","(1, 1)"
1634,"('вперед', 'вперед')","(1, 1)"
1635,"('вперед', 'пойти')","(1, 1)"
1636,"('впускать', 'быть')","(1, 1)"
1637,"('враг', 'принимать')","(1, 1)"
1638,"('враг', 'промчаться')","(1, 1)"
1639,"('вопрос', 'конец')","(1, 1)"
1640,"('воля', 'внимать')","(1, 1)"
1641,"('возбуждать', 'вспомнить')","(1, 1)"
1642,"('волна', 'бросать')","(1, 1)"
1643,"('возводить', 'линия')","(1, 1)"
1644,"('война', 'мир')","(1, 1)"
1645,"('война', 'пойти')","(1, 1)"
1646,"('война', 'родной')","(1, 1)"
1647,"('война', 'такой')","(1, 1)"
1648,"('волна', 'берег')","(1, 1)"
1649,"('волна', 'волна')","(1, 1)"
1650,"('вольный', 'простор')","(1, 1)"
1651,"('волна', 'море')","(1, 1)"
1652,"('волна', 'рябить')","(1, 1)"
1653,"('волос', 'любимый')","(1, 1)"
1654,"('волос', 'твой')","(1, 1)"
1655,"('вольный', 'ветер')","(1, 1)"
1656,"('вольный', 'дух')","(1, 1)"
1657,"('взять', 'тяжелый')","(1, 1)"
1658,"('взор', 'гореть')","(1, 1)"
1659,"('вардан', 'славный')","(1, 1)"
1660,"('вернуться', 'старый')","(1, 1)"
1661,"('венец', 'жемчужный')","(1, 1)"
1662,"('вера', 'анатольевна')","(1, 1)"
1663,"('вера', 'мила')","(1, 1)"
1664,"('вера', 'твой')","(1, 1)"
1665,"('верить', 'гора')","(1, 1)"
1666,"('верить', 'край')","(1, 1)"
1667,"('верный', 'друг')","(1, 1)"
1668,"('великий', 'деяние')","(1, 1)"
1669,"('верный', 'путь')","(1, 1)"
1670,"('верный', 'товарищ')","(1, 1)"
1671,"('вершина', 'гора')","(1, 1)"
1672,"('вершина', 'свет')","(1, 1)"
1673,"('вершина', 'склон')","(1, 1)"
1674,"('весна', 'свой')","(1, 1)"
1675,"('великий', 'русло')","(1, 1)"
1676,"('великий', 'вардан')","(1, 1)"
1677,"('вести', 'перекличка')","(1, 1)"
1678,"('век', 'каждый')","(1, 1)"
1679,"('ваш', 'голова')","(1, 1)"
1680,"('ваш', 'сердце')","(1, 1)"
1681,"('вглубь', 'рушиться')","(1, 1)"
1682,"('вдаль', 'восторженный')","(1, 1)"
1683,"('вдохновлять', 'меж')","(1, 1)"
1684,"('век', 'век')","(1, 1)"
1685,"('век', 'коротать')","(1, 1)"
1686,"('великий', 'арарат')","(1, 1)"
1687,"('век', 'лебединый')","(1, 1)"
1688,"('век', 'победа')","(1, 1)"
1689,"('век', 'проходить')","(1, 1)"
1690,"('век', 'старинный')","(1, 1)"
1691,"('век', 'ты')","(1, 1)"
1692,"('вековой', 'свидетель')","(1, 1)"
1693,"('вести', 'бой')","(1, 1)"
1694,"('весть', 'услышать')","(1, 1)"
1695,"('взглядывать', 'сторона')","(1, 1)"
1696,"('вечный', 'мир')","(1, 1)"
1697,"('вечер', 'поздний')","(1, 1)"
1698,"('вечер', 'тихий')","(1, 1)"
1699,"('вечерний', 'звезда')","(1, 1)"
1700,"('вечно', 'вечно')","(1, 1)"
1701,"('вечно', 'молодой')","(1, 1)"
1702,"('вечный', 'любовь')","(1, 1)"
1703,"('вечный', 'памятник')","(1, 1)"
1704,"('ветер', 'туча')","(1, 1)"
1705,"('вечный', 'память')","(1, 1)"
1706,"('вечный', 'покой')","(1, 1)"
1707,"('вечный', 'снег')","(1, 1)"
1708,"('вечный', 'сон')","(1, 1)"
1709,"('взгляд', 'след')","(1, 1)"
1710,"('взгляд', 'твой')","(1, 1)"
1711,"('вечер', 'огонь')","(1, 1)"
1712,"('ветер', 'трава')","(1, 1)"
1713,"('весь', 'вечер')","(1, 1)"
1714,"('весь', 'природа')","(1, 1)"
1715,"('весь', 'вселенная')","(1, 1)"
1716,"('весь', 'день')","(1, 1)"
1717,"('весь', 'душа')","(1, 1)"
1718,"('весь', 'жизнь')","(1, 1)"
1719,"('весь', 'земля')","(1, 1)"
1720,"('весь', 'мир')","(1, 1)"
1721,"('весь', 'родной')","(1, 1)"
1722,"('ветер', 'стонать')","(1, 1)"
1723,"('весь', 'рост')","(1, 1)"
1724,"('весь', 'свет')","(1, 1)"
1725,"('весь', 'это')","(1, 1)"
1726,"('ветер', 'доносить')","(1, 1)"
1727,"('ветер', 'дуть')","(1, 1)"
1728,"('ветер', 'снег')","(1, 1)"
1729,"('душа', 'томить')","(1, 1)"
1730,"('душа', 'ты')","(1, 1)"
1731,"('душистый', 'айва')","(1, 1)"
1732,"('любить', 'твой')","(1, 1)"
1733,"('любить', 'камень')","(1, 1)"
1734,"('любить', 'любить')","(1, 1)"
1735,"('любить', 'мудрость')","(1, 1)"
1736,"('любить', 'переставать')","(1, 1)"
1737,"('любить', 'сильно')","(1, 1)"
1738,"('любить', 'стих')","(1, 1)"
1739,"('любить', 'ты')","(1, 1)"
1740,"('луч', 'твой')","(1, 1)"
1741,"('любить', 'уходить')","(1, 1)"
1742,"('любить', 'этот')","(1, 1)"
1743,"('любовь', 'бог')","(1, 1)"
1744,"('любовь', 'весь')","(1, 1)"
1745,"('любовь', 'воскресение')","(1, 1)"
1746,"('любовь', 'друг')","(1, 1)"
1747,"('львовна', 'лиснянский')","(1, 1)"
1748,"('луч', 'согревать')","(1, 1)"
1749,"('любовь', 'любовь')","(1, 1)"
1750,"('лишь', 'сниться')","(1, 1)"
1751,"('лишь', 'жить')","(1, 1)"
1752,"('лишь', 'камень')","(1, 1)"
1753,"('лишь', 'народ')","(1, 1)"
1754,"('лишь', 'один')","(1, 1)"
1755,"('лишь', 'приподымать')","(1, 1)"
1756,"('лишь', 'свет')","(1, 1)"
1757,"('лишь', 'становиться')","(1, 1)"
1758,"('луч', 'заря')","(1, 1)"
1759,"('лн', 'вышеславский')","(1, 1)"
1760,"('лобанов', 'валерий')","(1, 1)"
1761,"('ложиться', 'полоса')","(1, 1)"
1762,"('лоно', 'вода')","(1, 1)"
1763,"('лунный', 'ночь')","(1, 1)"
1764,"('луч', 'гореть')","(1, 1)"
1765,"('любовь', 'злой')","(1, 1)"
1766,"('любовь', 'мой')","(1, 1)"
1767,"('лицо', 'твой')","(1, 1)"
1768,"('меж', 'вы')","(1, 1)"
1769,"('мать', 'небо')","(1, 1)"
1770,"('мать', 'ребенок')","(1, 1)"
1771,"('мать', 'село')","(1, 1)"
1772,"('медленно', 'падать')","(1, 1)"
1773,"('медный', 'светлозолота')","(1, 1)"
1774,"('медь', 'горячий')","(1, 1)"
1775,"('меж', 'мы')","(1, 1)"
1776,"('мать', 'армения')","(1, 1)"
1777,"('меж', 'они')","(1, 1)"
1778,"('меж', 'трудность')","(1, 1)"
1779,"('мелькание', 'лицо')","(1, 1)"
1780,"('мерещиться', 'твой')","(1, 1)"
1781,"('мерзлый', 'земля')","(1, 1)"
1782,"('местность', 'сам')","(1, 1)"
1783,"('мать', 'божий')","(1, 1)"
1784,"('массив', 'содрогаться')","(1, 1)"
1785,"('любовь', 'наш')","(1, 1)"
1786,"('м', 'л')","(1, 1)"
1787,"('любовь', 'свобода')","(1, 1)"
1788,"('любовь', 'свой')","(1, 1)"
1789,"('любовь', 'себя')","(1, 1)"
1790,"('людской', 'горе')","(1, 1)"
1791,"('м', 'амелин')","(1, 1)"
1792,"('м', 'дудин')","(1, 1)"
1793,"('м', 'николаевский')","(1, 1)"
1794,"('маркович', 'комар')","(1, 1)"
1795,"('м', 'петров')","(1, 1)"
1796,"('м', 'ю')","(1, 1)"
1797,"('маленький', 'сын')","(1, 1)"
1798,"('мало', 'время')","(1, 1)"
1799,"('марина', 'владимировна')","(1, 1)"
1800,"('мария', 'олеговна')","(1, 1)"
1801,"('лишь', 'жизнь')","(1, 1)"
1802,"('лицо', 'стирать')","(1, 1)"
1803,"('меч', 'нога')","(1, 1)"
1804,"('кровь', 'он')","(1, 1)"
1805,"('кровь', 'враг')","(1, 1)"
1806,"('кровь', 'заливать')","(1, 1)"
1807,"('кровь', 'запекаться')","(1, 1)"
1808,"('кровь', 'литься')","(1, 1)"
1809,"('кровь', 'небо')","(1, 1)"
1810,"('кровь', 'неповинный')","(1, 1)"
1811,"('кровь', 'помнить')","(1, 1)"
1812,"('кровавый', 'след')","(1, 1)"
1813,"('кровь', 'ребенок')","(1, 1)"
1814,"('кровь', 'смерть')","(1, 1)"
1815,"('кровь', 'солнце')","(1, 1)"
1816,"('кровь', 'течь')","(1, 1)"
1817,"('крохобор', 'молитва')","(1, 1)"
1818,"('крутой', 'поворот')","(1, 1)"
1819,"('кровь', 'армения')","(1, 1)"
1820,"('крепость', 'возводить')","(1, 1)"
1821,"('кубатьян', 'георгий')","(1, 1)"
1822,"('крайний', 'мера')","(1, 1)"
1823,"('край', 'свет')","(1, 1)"
1824,"('край', 'свободный')","(1, 1)"
1825,"('край', 'святой')","(1, 1)"
1826,"('край', 'солнце')","(1, 1)"
1827,"('край', 'стол')","(1, 1)"
1828,"('край', 'чужой')","(1, 1)"
1829,"('кран', 'относительно')","(1, 1)"
1830,"('крепко', 'спать')","(1, 1)"
1831,"('краса', 'твой')","(1, 1)"
1832,"('красный', 'цвет')","(1, 1)"
1833,"('красота', 'бронзовый')","(1, 1)"
1834,"('красота', 'горький')","(1, 1)"
1835,"('красота', 'твой')","(1, 1)"
1836,"('крениться', 'вести')","(1, 1)"
1837,"('ктото', 'горько')","(1, 1)"
1838,"('кувшин', 'вино')","(1, 1)"
1839,"('лицо', 'свой')","(1, 1)"
1840,"('лирический', 'поэт')","(1, 1)"
1841,"('лик', 'святой')","(1, 1)"
1842,"('ликующий', 'пожар')","(1, 1)"
1843,"('лилия', 'ривкатовна')","(1, 1)"
1844,"('лиловый', 'виноград')","(1, 1)"
1845,"('лимонный', 'шуршать')","(1, 1)"
1846,"('линия', 'оборона')","(1, 1)"
1847,"('лить', 'слеза')","(1, 1)"
1848,"('лететь', 'путь')","(1, 1)"
1849,"('литься', 'кровь')","(1, 1)"
1850,"('литься', 'река')","(1, 1)"
1851,"('лицо', 'видный')","(1, 1)"
1852,"('лицо', 'лицо')","(1, 1)"
1853,"('лицо', 'мой')","(1, 1)"
1854,"('лицо', 'неложный')","(1, 1)"
1855,"('лик', 'дом')","(1, 1)"
1856,"('лес', 'шуметь')","(1, 1)"
1857,"('куковать', 'кукушка')","(1, 1)"
1858,"('ларек', 'ложиться')","(1, 1)"
1859,"('кумир', 'кумир')","(1, 1)"
1860,"('купол', 'изящный')","(1, 1)"
1861,"('л', 'бершины')","(1, 1)"
1862,"('л', 'матусовский')","(1, 1)"
1863,"('лавина', 'гора')","(1, 1)"
1864,"('лавка', 'антикварный')","(1, 1)"
1865,"('ласкать', 'взор')","(1, 1)"
1866,"('лес', 'мочь')","(1, 1)"
1867,"('лебединый', 'женский')","(1, 1)"
1868,"('легкий', 'грусть')","(1, 1)"
1869,"('легко', 'уходить')","(1, 1)"
1870,"('леонидович', 'каневский')","(1, 1)"
1871,"('лера', 'манович')","(1, 1)"
1872,"('лес', 'гора')","(1, 1)"
1873,"('месяц', 'год')","(1, 1)"
1874,"('меч', 'пойти')","(1, 1)"
1875,"('край', 'небо')","(1, 1)"
1876,"('мы', 'это')","(1, 1)"
1877,"('мы', 'оставаться')","(1, 1)"
1878,"('мы', 'открывать')","(1, 1)"
1879,"('мы', 'сад')","(1, 1)"
1880,"('мы', 'свой')","(1, 1)"
1881,"('мы', 'счастие')","(1, 1)"
1882,"('мы', 'твой')","(1, 1)"
1883,"('мысль', 'небо')","(1, 1)"
1884,"('мы', 'небо')","(1, 1)"
1885,"('мысль', 'один')","(1, 1)"
1886,"('н', 'бутырский')","(1, 1)"
1887,"('н', 'глинка')","(1, 1)"
1888,"('н', 'тихонов')","(1, 1)"
1889,"('н', 'шестинский')","(1, 1)"
1890,"('набивать', 'рот')","(1, 1)"
1891,"('мы', 'немой')","(1, 1)"
1892,"('мы', 'мы')","(1, 1)"
1893,"('нагорный', 'карабах')","(1, 1)"
1894,"('мудрость', 'век')","(1, 1)"
1895,"('москва', 'г')","(1, 1)"
1896,"('мочь', 'давать')","(1, 1)"
1897,"('мочь', 'жить')","(1, 1)"
1898,"('мочь', 'никак')","(1, 1)"
1899,"('мочь', 'рождаться')","(1, 1)"
1900,"('мрачный', 'туман')","(1, 1)"
1901,"('муж', 'жена')","(1, 1)"
1902,"('мы', 'мало')","(1, 1)"
1903,"('мужество', 'великий')","(1, 1)"
1904,"('мука', 'страдание')","(1, 1)"
1905,"('мы', 'время')","(1, 1)"
1906,"('мы', 'жить')","(1, 1)"
1907,"('мы', 'земля')","(1, 1)"
1908,"('мы', 'казаться')","(1, 1)"
1909,"('навек', 'погасать')","(1, 1)"
1910,"('надежда', 'волна')","(1, 1)"
1911,"('море', 'жизнь')","(1, 1)"
1912,"('наслаждаться', 'здание')","(1, 1)"
1913,"('народ', 'русский')","(1, 1)"
1914,"('народ', 'свой')","(1, 1)"
1915,"('народ', 'склонять')","(1, 1)"
1916,"('народ', 'страна')","(1, 1)"
1917,"('нарушать', 'покой')","(1, 1)"
1918,"('наряд', 'иной')","(1, 1)"
1919,"('наставать', 'время')","(1, 1)"
1920,"('народ', 'один')","(1, 1)"
1921,"('наставать', 'день')","(1, 1)"
1922,"('наступать', 'тишина')","(1, 1)"
1923,"('наталья', 'владимировна')","(1, 1)"
1924,"('наука', 'светить')","(1, 1)"
1925,"('нахмуриваться', 'сурово')","(1, 1)"
1926,"('находить', 'друг')","(1, 1)"
1927,"('народ', 'погибель')","(1, 1)"
1928,"('народ', 'мир')","(1, 1)"
1929,"('надежда', 'луч')","(1, 1)"
1930,"('назло', 'все')","(1, 1)"
1931,"('надежда', 'любовь')","(1, 1)"
1932,"('надежда', 'приносить')","(1, 1)"
1933,"('надежда', 'слышать')","(1, 1)"
1934,"('надежный', 'дом')","(1, 1)"
1935,"('надоедать', 'надоедать')","(1, 1)"
1936,"('надпись', 'камень')","(1, 1)"
1937,"('называть', 'душа')","(1, 1)"
1938,"('народ', 'история')","(1, 1)"
1939,"('называть', 'отец')","(1, 1)"
1940,"('наливать', 'стакан')","(1, 1)"
1941,"('напрасно', 'попадать')","(1, 1)"
1942,"('народ', 'ваш')","(1, 1)"
1943,"('народ', 'век')","(1, 1)"
1944,"('народ', 'жизнь')","(1, 1)"
1945,"('мороз', 'кожа')","(1, 1)"
1946,"('море', 'ветер')","(1, 1)"
1947,"('мечта', 'любовь')","(1, 1)"
1948,"('михайлович', 'денисов')","(1, 1)"
1949,"('мир', 'любовь')","(1, 1)"
1950,"('мир', 'мир')","(1, 1)"
1951,"('мир', 'мой')","(1, 1)"
1952,"('мир', 'один')","(1, 1)"
1953,"('мир', 'тихий')","(1, 1)"
1954,"('михаил', 'феликсович')","(1, 1)"
1955,"('михайловна', 'габриэлян')","(1, 1)"
1956,"('мир', 'горе')","(1, 1)"
1957,"('многий', 'год')","(1, 1)"
1958,"('мой', 'верить')","(1, 1)"
1959,"('мой', 'глаз')","(1, 1)"
1960,"('мой', 'голос')","(1, 1)"
1961,"('мой', 'губа')","(1, 1)"
1962,"('мой', 'дорога')","(1, 1)"
1963,"('мир', 'иной')","(1, 1)"
1964,"('мир', 'вечерний')","(1, 1)"
1965,"('мой', 'друг')","(1, 1)"
1966,"('милый', 'война')","(1, 1)"
1967,"('мечтание', 'разный')","(1, 1)"
1968,"('мечтание', 'хранить')","(1, 1)"
1969,"('миг', 'наступать')","(1, 1)"
1970,"('миг', 'ты')","(1, 1)"
1971,"('микрорайон', 'улица')","(1, 1)"
1972,"('мила', 'твой')","(1, 1)"
1973,"('милый', 'друг')","(1, 1)"
1974,"('минуть', 'год')","(1, 1)"
1975,"('милый', 'земля')","(1, 1)"
1976,"('милый', 'нога')","(1, 1)"
1977,"('милый', 'свой')","(1, 1)"
1978,"('милый', 'человек')","(1, 1)"
1979,"('мимо', 'богомолье')","(1, 1)"
1980,"('мимо', 'течь')","(1, 1)"
1981,"('мой', 'дорогой')","(1, 1)"
1982,"('мой', 'красота')","(1, 1)"
1983,"('мольба', 'узнавать')","(1, 1)"
1984,"('молодой', 'неуклюжий')","(1, 1)"
1985,"('молитва', 'церковь')","(1, 1)"
1986,"('молить', 'любить')","(1, 1)"
1987,"('молиться', 'поле')","(1, 1)"
1988,"('молиться', 'спасение')","(1, 1)"
1989,"('молния', 'разбивать')","(1, 1)"
1990,"('молодой', 'каждый')","(1, 1)"
1991,"('молоко', 'хлеб')","(1, 1)"
1992,"('мой', 'услада')","(1, 1)"
1993,"('молча', 'выходить')","(1, 1)"
1994,"('молчание', 'отзвук')","(1, 1)"
1995,"('молчать', 'иль')","(1, 1)"
1996,"('молчать', 'нахмуриваться')","(1, 1)"
1997,"('молчать', 'поэт')","(1, 1)"
1998,"('мольба', 'простереть')","(1, 1)"
1999,"('молитва', 'бросаться')","(1, 1)"
2000,"('мой', 'тело')","(1, 1)"
2001,"('мой', 'кровь')","(1, 1)"
2002,"('мой', 'откровение')","(1, 1)"
2003,"('мой', 'луч')","(1, 1)"
2004,"('мой', 'любовь')","(1, 1)"
2005,"('мой', 'мечта')","(1, 1)"
2006,"('мой', 'мой')","(1, 1)"
2007,"('мой', 'объятие')","(1, 1)"
2008,"('мой', 'отец')","(1, 1)"
2009,"('мой', 'припоминать')","(1, 1)"
2010,"('мой', 'судьба')","(1, 1)"
2011,"('мой', 'ребенок')","(1, 1)"
2012,"('мой', 'рука')","(1, 1)"
2013,"('мой', 'сердце')","(1, 1)"
2014,"('мой', 'сказать')","(1, 1)"
2015,"('мой', 'словно')","(1, 1)"
2016,"('мой', 'стих')","(1, 1)"
2017,"('край', 'родной')","(1, 1)"
2018,"('край', 'любить')","(1, 1)"
2019,"('дым', 'идти')","(1, 1)"
2020,"('заметно', 'излучать')","(1, 1)"
2021,"('зажигать', 'ваш')","(1, 1)"
2022,"('закат', 'обрызгивать')","(1, 1)"
2023,"('закат', 'шуметь')","(1, 1)"
2024,"('закрывать', 'глаз')","(1, 1)"
2025,"('закрытый', 'дверь')","(1, 1)"
2026,"('замедлять', 'шаг')","(1, 1)"
2027,"('замечать', 'храм')","(1, 1)"
2028,"('загадка', 'бытие')","(1, 1)"
2029,"('замок', 'разрушение')","(1, 1)"
2030,"('занести', 'снег')","(1, 1)"
2031,"('запад', 'восток')","(1, 1)"
2032,"('запах', 'дымиться')","(1, 1)"
2033,"('запах', 'кровь')","(1, 1)"
2034,"('запоминаться', 'сидеть')","(1, 1)"
2035,"('загар', 'подернуть')","(1, 1)"
2036,"('заветный', 'мечтание')","(1, 1)"
2037,"('звать', 'труд')","(1, 1)"
2038,"('забывать', 'вспомнить')","(1, 1)"
2039,"('журчать', 'родник')","(1, 1)"
2040,"('журчать', 'ручей')","(1, 1)"
2041,"('жутко', 'вешний')","(1, 1)"
2042,"('жутко', 'становиться')","(1, 1)"
2043,"('забвение', 'горький')","(1, 1)"
2044,"('забывать', 'боль')","(1, 1)"
2045,"('забывать', 'могила')","(1, 1)"
2046,"('завет', 'первый')","(1, 1)"
2047,"('забывать', 'мочь')","(1, 1)"
2048,"('забывать', 'наш')","(1, 1)"
2049,"('забывать', 'пустыня')","(1, 1)"
2050,"('забывать', 'сей')","(1, 1)"
2051,"('забывать', 'слава')","(1, 1)"
2052,"('забывать', 'тоска')","(1, 1)"
2053,"('заря', 'один')","(1, 1)"
2054,"('звезда', 'видеть')","(1, 1)"
2055,"('жить', 'хотеть')","(1, 1)"
2056,"('земля', 'полный')","(1, 1)"
2057,"('земля', 'мир')","(1, 1)"
2058,"('земля', 'мы')","(1, 1)"
2059,"('земля', 'набивать')","(1, 1)"
2060,"('земля', 'небо')","(1, 1)"
2061,"('земля', 'освещать')","(1, 1)"
2062,"('земля', 'песчаный')","(1, 1)"
2063,"('земля', 'помнить')","(1, 1)"
2064,"('земля', 'земля')","(1, 1)"
2065,"('земля', 'понимать')","(1, 1)"
2066,"('земля', 'припадать')","(1, 1)"
2067,"('земля', 'проливаться')","(1, 1)"
2068,"('земля', 'родной')","(1, 1)"
2069,"('земля', 'свет')","(1, 1)"
2070,"('земля', 'свой')","(1, 1)"
2071,"('земля', 'ликующий')","(1, 1)"
2072,"('земля', 'зарывать')","(1, 1)"
2073,"('звезда', 'дрожать')","(1, 1)"
2074,"('звучать', 'песня')","(1, 1)"
2075,"('звезда', 'звезда')","(1, 1)"
2076,"('звенеть', 'лишь')","(1, 1)"
2077,"('звенящий', 'огонь')","(1, 1)"
2078,"('звук', 'гдето')","(1, 1)"
2079,"('звук', 'пустота')","(1, 1)"
2080,"('звук', 'стремиться')","(1, 1)"
2081,"('здание', 'обвивать')","(1, 1)"
2082,"('земля', 'драгоценный')","(1, 1)"
2083,"('зеленый', 'глубина')","(1, 1)"
2084,"('зеленый', 'море')","(1, 1)"
2085,"('зеленый', 'свеча')","(1, 1)"
2086,"('земля', 'большой')","(1, 1)"
2087,"('земля', 'ветер')","(1, 1)"
2088,"('земля', 'гдеть')","(1, 1)"
2089,"('журчание', 'джур')","(1, 1)"
2090,"('жить', 'сердце')","(1, 1)"
2091,"('земля', 'тот')","(1, 1)"
2092,"('ждать', 'последний')","(1, 1)"
2093,"('ждать', 'ждать')","(1, 1)"
2094,"('ждать', 'затягиваться')","(1, 1)"
2095,"('ждать', 'знать')","(1, 1)"
2096,"('ждать', 'новый')","(1, 1)"
2097,"('ждать', 'ответ')","(1, 1)"
2098,"('ждать', 'отец')","(1, 1)"
2099,"('желание', 'мой')","(1, 1)"
2100,"('жаркий', 'луч')","(1, 1)"
2101,"('железный', 'дорога')","(1, 1)"
2102,"('железный', 'терпение')","(1, 1)"
2103,"('желтый', 'глина')","(1, 1)"
2104,"('жемчуг', 'зуб')","(1, 1)"
2105,"('жемчужный', 'алмазный')","(1, 1)"
2106,"('жена', 'дочь')","(1, 1)"
2107,"('ждать', 'говорить')","(1, 1)"
2108,"('жаркий', 'день')","(1, 1)"
2109,"('жена', 'ребенок')","(1, 1)"
2110,"('евгеньевич', 'овчинников')","(1, 1)"
2111,"('дыхание', 'затый')","(1, 1)"
2112,"('дышать', 'сон')","(1, 1)"
2113,"('е', 'е')","(1, 1)"
2114,"('е', 'евтушенко')","(1, 1)"
2115,"('е', 'л')","(1, 1)"
2116,"('е', 'м')","(1, 1)"
2117,"('ее', 'ребенок')","(1, 1)"
2118,"('жалкий', 'век')","(1, 1)"
2119,"('екатерина', 'юльевна')","(1, 1)"
2120,"('елена', 'алексеева')","(1, 1)"
2121,"('елена', 'валериевна')","(1, 1)"
2122,"('есть', 'пить')","(1, 1)"
2123,"('еще', 'живой')","(1, 1)"
2124,"('жажда', 'бытие')","(1, 1)"
2125,"('жена', 'мать')","(1, 1)"
2126,"('женский', 'голос')","(1, 1)"
2127,"('жить', 'свет')","(1, 1)"
2128,"('жизнь', 'твой')","(1, 1)"
2129,"('жизнь', 'проходить')","(1, 1)"
2130,"('жизнь', 'самый')","(1, 1)"
2131,"('жизнь', 'словно')","(1, 1)"
2132,"('жизнь', 'смерть')","(1, 1)"
2133,"('жизнь', 'становиться')","(1, 1)"
2134,"('жизнь', 'судьба')","(1, 1)"
2135,"('жизнь', 'это')","(1, 1)"
2136,"('жизнь', 'проводить')","(1, 1)"
2137,"('жить', 'век')","(1, 1)"
2138,"('жить', 'душа')","(1, 1)"
2139,"('жить', 'жить')","(1, 1)"
2140,"('жить', 'мой')","(1, 1)"
2141,"('жить', 'москва')","(1, 1)"
2142,"('жить', 'мы')","(1, 1)"
2143,"('жизнь', 'проживать')","(1, 1)"
2144,"('жизнь', 'отдавать')","(1, 1)"
2145,"('женский', 'пляска')","(1, 1)"
2146,"('жечь', 'огонь')","(1, 1)"
2147,"('женский', 'рука')","(1, 1)"
2148,"('женский', 'смех')","(1, 1)"
2149,"('женщина', 'вино')","(1, 1)"
2150,"('женщина', 'неведомый')","(1, 1)"
2151,"('жертва', 'все')","(1, 1)"
2152,"('жертва', 'тот')","(1, 1)"
2153,"('живой', 'вода')","(1, 1)"
2154,"('жизнь', 'нужный')","(1, 1)"
2155,"('живой', 'земля')","(1, 1)"
2156,"('живой', 'уста')","(1, 1)"
2157,"('жизнь', 'быть')","(1, 1)"
2158,"('жизнь', 'земля')","(1, 1)"
2159,"('жизнь', 'лететь')","(1, 1)"
2160,"('жизнь', 'любить')","(1, 1)"
2161,"('земля', 'снова')","(1, 1)"
2162,"('земля', 'человек')","(1, 1)"
2163,"('край', 'земля')","(1, 1)"
2164,"('камень', 'гора')","(1, 1)"
2165,"('какой', 'гроза')","(1, 1)"
2166,"('какой', 'осенять')","(1, 1)"
2167,"('какой', 'счастие')","(1, 1)"
2168,"('каменный', 'стена')","(1, 1)"
2169,"('камень', 'вода')","(1, 1)"
2170,"('камень', 'все')","(1, 1)"
2171,"('камень', 'становиться')","(1, 1)"
2172,"('каждый', 'шаг')","(1, 1)"
2173,"('камень', 'старинный')","(1, 1)"
2174,"('канакер', 'рубиновый')","(1, 1)"
2175,"('капович', 'екатерина')","(1, 1)"
2176,"('каренин', 'ирина')","(1, 1)"
2177,"('каринэ', 'вячеславовна')","(1, 1)"
2178,"('катя', 'капович')","(1, 1)"
2179,"('казаться', 'основательный')","(1, 1)"
2180,"('каждый', 'час')","(1, 1)"
2181,"('клад', 'бояться')","(1, 1)"
2182,"('история', 'народ')","(1, 1)"
2183,"('ирина', 'каренин')","(1, 1)"
2184,"('искать', 'небо')","(1, 1)"
2185,"('искать', 'свобода')","(1, 1)"
2186,"('исповедь', 'незнакомый')","(1, 1)"
2187,"('истерзать', 'страна')","(1, 1)"
2188,"('истина', 'простой')","(1, 1)"
2189,"('исход', 'день')","(1, 1)"
2190,"('каждый', 'слово')","(1, 1)"
2191,"('исчезать', 'след')","(1, 1)"
2192,"('исчезать', 'угнетение')","(1, 1)"
2193,"('каждый', 'день')","(1, 1)"
2194,"('каждый', 'звук')","(1, 1)"
2195,"('каждый', 'камень')","(1, 1)"
2196,"('каждый', 'свой')","(1, 1)"
2197,"('кидать', 'роща')","(1, 1)"
2198,"('клок', 'платье')","(1, 1)"
2199,"('иосиф', 'ускользать')","(1, 1)"
2200,"('который', 'гений')","(1, 1)"
2201,"('конец', 'узнавать')","(1, 1)"
2202,"('константин', 'ашотович')","(1, 1)"
2203,"('константин', 'маркович')","(1, 1)"
2204,"('корзина', 'душистый')","(1, 1)"
2205,"('коровин', 'андрей')","(1, 1)"
2206,"('который', 'бог')","(1, 1)"
2207,"('который', 'год')","(1, 1)"
2208,"('конец', 'свет')","(1, 1)"
2209,"('который', 'звать')","(1, 1)"
2210,"('который', 'имя')","(1, 1)"
2211,"('который', 'недовольный')","(1, 1)"
2212,"('который', 'сердце')","(1, 1)"
2213,"('который', 'столь')","(1, 1)"
2214,"('край', 'день')","(1, 1)"
2215,"('конец', 'страна')","(1, 1)"
2216,"('конец', 'начало')","(1, 1)"
2217,"('книга', 'который')","(1, 1)"
2218,"('колено', 'вставать')","(1, 1)"
2219,"('книжный', 'полка')","(1, 1)"
2220,"('ко', 'все')","(1, 1)"
2221,"('ко', 'прийти')","(1, 1)"
2222,"('ко', 'сон')","(1, 1)"
2223,"('ковер', 'книжный')","(1, 1)"
2224,"('ковер', 'чтото')","(1, 1)"
2225,"('колумб', 'открывать')","(1, 1)"
2226,"('конец', 'зима')","(1, 1)"
2227,"('колхоз', 'глазастый')","(1, 1)"
2228,"('кольцо', 'замыкаться')","(1, 1)"
2229,"('коммуналка', 'дом')","(1, 1)"
2230,"('коммунист', 'стукач')","(1, 1)"
2231,"('комната', 'коммуналка')","(1, 1)"
2232,"('конец', 'гибель')","(1, 1)"
2233,"('ирина', 'васильевна')","(1, 1)"
2234,"('иосиф', 'саак')","(1, 1)"
2235,"('земля', 'этот')","(1, 1)"
2236,"('золотой', 'золотой')","(1, 1)"
2237,"('знать', 'слово')","(1, 1)"
2238,"('знать', 'твой')","(1, 1)"
2239,"('знать', 'ты')","(1, 1)"
2240,"('зной', 'палить')","(1, 1)"
2241,"('знойный', 'день')","(1, 1)"
2242,"('золотой', 'дверь')","(1, 1)"
2243,"('золотой', 'немой')","(1, 1)"
2244,"('знать', 'родина')","(1, 1)"
2245,"('золотой', 'руно')","(1, 1)"
2246,"('золотой', 'сад')","(1, 1)"
2247,"('зоркий', 'глаз')","(1, 1)"
2248,"('зуб', 'плакать')","(1, 1)"
2249,"('идти', 'быстро')","(1, 1)"
2250,"('идти', 'верблюд')","(1, 1)"
2251,"('знать', 'свет')","(1, 1)"
2252,"('знать', 'путь')","(1, 1)"
2253,"('идти', 'вперед')","(1, 1)"
2254,"('знать', 'дорога')","(1, 1)"
2255,"('земной', 'несчастный')","(1, 1)"
2256,"('земной', 'страсть')","(1, 1)"
2257,"('зерцало', 'кровь')","(1, 1)"
2258,"('зима', 'это')","(1, 1)"
2259,"('злоба', 'гнев')","(1, 1)"
2260,"('знакомый', 'незнакомый')","(1, 1)"
2261,"('знать', 'знать')","(1, 1)"
2262,"('знать', 'отец')","(1, 1)"
2263,"('знать', 'кто')","(1, 1)"
2264,"('знать', 'любить')","(1, 1)"
2265,"('знать', 'мир')","(1, 1)"
2266,"('знать', 'мой')","(1, 1)"
2267,"('знать', 'молодой')","(1, 1)"
2268,"('знать', 'народ')","(1, 1)"
2269,"('идти', 'весна')","(1, 1)"
2270,"('идти', 'идти')","(1, 1)"
2271,"('иосиф', 'последний')","(1, 1)"
2272,"('имя', 'мой')","(1, 1)"
2273,"('имам', 'благоухать')","(1, 1)"
2274,"('иметь', 'вид')","(1, 1)"
2275,"('иметь', 'право')","(1, 1)"
2276,"('имя', 'жизнь')","(1, 1)"
2277,"('имя', 'коммунист')","(1, 1)"
2278,"('имя', 'который')","(1, 1)"
2279,"('имя', 'наш')","(1, 1)"
2280,"('иль', 'просто')","(1, 1)"
2281,"('имя', 'никто')","(1, 1)"
2282,"('имя', 'родина')","(1, 1)"
2283,"('имя', 'твой')","(1, 1)"
2284,"('инна', 'львовна')","(1, 1)"
2285,"('иной', 'вера')","(1, 1)"
2286,"('иной', 'рожать')","(1, 1)"
2287,"('ильич', 'вольфсон')","(1, 1)"
2288,"('иль', 'ветер')","(1, 1)"
2289,"('идти', 'искать')","(1, 1)"
2290,"('изза', 'море')","(1, 1)"
2291,"('идти', 'письмо')","(1, 1)"
2292,"('идти', 'пора')","(1, 1)"
2293,"('идти', 'стих')","(1, 1)"
2294,"('идти', 'твой')","(1, 1)"
2295,"('идти', 'ты')","(1, 1)"
2296,"('идти', 'это')","(1, 1)"
2297,"('излечивать', 'допускать')","(1, 1)"
2298,"('иль', 'бояться')","(1, 1)"
2299,"('излучать', 'горячий')","(1, 1)"
2300,"('излучать', 'свет')","(1, 1)"
2301,"('изумруд', 'твой')","(1, 1)"
2302,"('изучать', 'жена')","(1, 1)"
2303,"('изящный', 'собор')","(1, 1)"
2304,"('икона', 'м')","(1, 1)"
2305,"('ясный', 'день')","(1, 1)"
